TRACT,Estimated Median Family Income,Less Than High School,High School,Some College,College Graduate,Graduate School,Educational Attainment Score,% of Single Parent Households,% of Owner Occupied Homes,% of Population Speaking a Language Other than English,Weighted Average ISAT Performance at Attendance Area Schools,Number of School Age Children,Estimated Median Family Income Cumulative Percentage,Educational Attainment Score Cumulative Percentage,% of Single Parent Households Cumulative Percentage,% of Owner Occupied Homes Cumulative Percentage,% of Population Speaking a Language Other than English Cumulative Percentage,Weighted Average ISAT Performance at Attendance Area Schools Cumulative Percentage,6-Factor Socioeconomic Score,6-Factor Socioeconomic Tier
101,"$50,733",484,770,1100,744,323,0.5797,65.78%,23.23%,17.81%,38.64%,740,56.45%,77.01%,24.86%,7.88%,63.93%,16.87%,0.4117,2
102.01,"$45,528",817,870,1112,990,436,0.5696,43.14%,37.49%,41.81%,51.74%,1202,47.54%,75.01%,46.01%,36.61%,45.72%,42.82%,0.4895,3
102.02,"$70,701",415,361,591,286,231,0.553,49.22%,28.79%,33.53%,47.85%,387,80.29%,70.75%,39.47%,16.29%,52.01%,32.91%,0.4862,3
103,"$53,682",906,969,1413,899,588,0.5704,41.39%,34.49%,32.18%,41.93%,634,61.90%,75.38%,48.26%,29.69%,53.49%,22.65%,0.4856,3
104,"$85,438",294,358,684,732,694,0.685,31.21%,26.43%,33.72%,55.76%,265,88.14%,90.67%,65.87%,12.24%,51.83%,54.46%,0.6053,3
105.01,"$25,990",330,473,638,971,686,0.6781,68.34%,21.20%,29.97%,63.09%,359,5.28%,90.24%,23.03%,5.65%,55.88%,74.87%,0.4249,2
105.02,"$41,182",435,286,587,659,302,0.6094,36.69%,23.80%,32.08%,51.63%,224,39.77%,82.68%,55.94%,8.42%,53.54%,42.34%,0.4712,2
105.03,"$46,288",372,143,285,449,344,0.6314,12.70%,15.56%,30.02%,51.46%,76,48.60%,85.78%,93.91%,2.76%,55.79%,41.76%,0.5477,3
106,"$62,385",486,895,1059,1146,977,0.654,33.21%,33.75%,41.35%,56.85%,651,72.62%,89.00%,59.96%,27.81%,46.07%,57.95%,0.589,3
107.01,"$70,171",461,368,507,801,575,0.6487,38.89%,46.67%,43.72%,66.47%,698,80.20%,87.81%,52.01%,57.36%,44.45%,80.55%,0.6706,4
107.02,"$47,621",1100,709,456,760,417,0.5236,31.89%,31.87%,57.83%,61.97%,971,51.16%,61.46%,63.43%,23.62%,35.61%,71.80%,0.5118,3
201,"$61,101",402,525,721,543,420,0.6041,31.15%,46.37%,34.75%,64.86%,701,70.89%,81.57%,66.03%,55.93%,50.93%,77.84%,0.672,4
202,"$84,051",598,759,971,1249,951,0.6528,23.32%,75.64%,41.10%,77.06%,1459,86.70%,88.64%,78.88%,88.34%,46.47%,94.06%,0.8052,4
203.01,"$79,631",328,658,768,1110,543,0.6518,20.80%,77.15%,33.45%,67.74%,949,84.61%,88.25%,84.25%,90.09%,52.23%,82.77%,0.8037,4
203.02,"$75,947",633,683,622,694,553,0.5906,13.07%,58.73%,50.90%,71.05%,790,82.43%,79.22%,93.05%,74.38%,40.32%,88.19%,0.7626,4
204,"$64,643",333,581,832,607,608,0.6389,18.02%,51.87%,46.91%,64.86%,783,75.21%,86.89%,88.32%,65.48%,42.27%,77.84%,0.7267,4
205,"$43,517",1088,1111,740,748,394,0.5142,35.47%,31.59%,66.73%,62.26%,1139,43.85%,58.51%,56.82%,22.86%,27.72%,73.41%,0.472,2
206.01,"$50,992",901,1002,969,625,566,0.5485,21.99%,39.91%,65.52%,65.15%,1350,56.97%,69.26%,82.13%,43.93%,29.12%,78.33%,0.5996,3
206.02,"$56,709",647,543,555,752,474,0.5908,17.50%,46.61%,67.31%,63.09%,824,66.15%,79.41%,88.65%,57.14%,27.05%,74.57%,0.655,4
207.01,"$76,486",36,329,429,334,163,0.6401,40.00%,64.27%,41.31%,70.77%,300,82.50%,86.96%,50.17%,79.32%,46.14%,87.47%,0.7209,4
207.02,"$52,429",1150,1087,1213,905,462,0.5353,19.98%,40.70%,65.52%,66.84%,1285,60.11%,65.15%,85.54%,45.07%,29.42%,81.05%,0.6105,3
208.01,"$54,142",860,656,1039,770,417,0.5587,39.02%,42.80%,60.57%,70.77%,861,62.59%,72.63%,51.61%,50.14%,32.76%,87.47%,0.5953,3
208.02,"$60,909",998,684,1119,1095,358,0.5591,19.22%,34.75%,66.71%,67.06%,1240,70.60%,73.19%,86.55%,30.03%,28.01%,81.44%,0.6164,3
209.01,"$40,370",972,936,707,747,275,0.513,20.91%,38.34%,75.18%,69.53%,1029,38.37%,57.73%,83.75%,39.21%,20.00%,84.77%,0.5397,3
209.02,"$45,204",549,1214,665,487,138,0.4985,10.39%,57.12%,67.54%,70.98%,603,46.88%,54.09%,96.08%,72.33%,26.86%,87.95%,0.6403,3
301.01,"$69,198",345,413,776,895,633,0.6691,33.18%,38.43%,46.98%,68.75%,291,79.21%,89.63%,60.08%,39.53%,42.05%,84.06%,0.6576,4
301.02,"$65,541",171,515,772,686,450,0.6562,25.14%,43.59%,37.74%,68.77%,181,77.05%,89.11%,76.90%,51.52%,49.32%,84.10%,0.7133,4
301.03,"$25,150",51,249,361,517,408,0.7238,0.00%,33.48%,37.28%,68.75%,61,3.98%,93.06%,100.00%,27.25%,49.69%,84.06%,0.5967,3
301.04,"$44,524",85,403,739,354,97,0.597,41.50%,33.95%,39.16%,68.75%,90,45.78%,80.14%,47.93%,28.54%,48.00%,84.06%,0.5574,3
302,"$84,412",171,368,1030,1202,1052,0.7358,14.72%,51.02%,18.51%,69.69%,605,87.45%,93.49%,91.34%,64.05%,63.23%,84.91%,0.8074,4
303,"$67,252",341,685,620,521,320,0.5834,33.85%,33.85%,54.37%,70.98%,506,77.75%,77.57%,58.18%,28.43%,38.17%,87.95%,0.6134,3
304,"$65,142",371,146,337,667,526,0.6812,31.03%,42.09%,42.71%,68.22%,344,76.79%,90.36%,66.56%,47.87%,45.12%,83.24%,0.6832,4
305,"$77,438",689,559,784,1668,1146,0.6835,31.84%,40.03%,37.85%,68.31%,620,83.03%,90.54%,63.62%,44.10%,49.22%,83.38%,0.6899,4
306.01,"$44,011",273,675,616,901,584,0.6556,53.68%,36.63%,32.20%,68.75%,305,44.83%,89.07%,34.91%,34.14%,53.34%,84.06%,0.5673,3
306.03,"$27,967",86,175,721,606,162,0.6666,79.07%,12.94%,30.60%,68.75%,189,9.12%,89.56%,15.66%,1.49%,55.36%,84.06%,0.4254,2
306.04,"$66,960",61,328,457,959,669,0.7493,13.92%,28.43%,36.39%,68.75%,156,77.51%,94.10%,92.29%,14.90%,50.35%,84.06%,0.6887,4
307.01,"$59,744",125,136,575,294,322,0.676,23.08%,25.96%,25.76%,70.28%,109,69.82%,89.76%,79.49%,11.75%,58.92%,86.14%,0.6598,4
307.02,"$63,196",88,280,301,330,465,0.7098,0.00%,61.63%,44.44%,70.28%,81,73.16%,92.27%,100.00%,76.79%,43.93%,86.14%,0.7872,4
307.03,"$26,953",220,423,525,725,638,0.6899,0.00%,31.37%,29.88%,70.28%,183,6.84%,90.96%,100.00%,22.17%,56.22%,86.14%,0.6039,3
307.06,"$79,487",326,436,443,903,929,0.7102,37.43%,35.99%,43.07%,70.28%,203,84.39%,92.32%,54.63%,32.67%,44.82%,86.14%,0.6583,4
308,"$104,214",267,457,499,1329,1282,0.7514,33.50%,43.42%,22.84%,68.22%,448,92.61%,94.24%,58.91%,51.42%,61.07%,83.24%,0.7358,4
309,"$86,967",262,260,434,1037,536,0.7048,23.85%,43.77%,30.12%,69.86%,323,88.85%,92.24%,78.17%,51.59%,55.78%,85.07%,0.7528,4
310,"$73,141",282,263,422,921,735,0.7193,33.78%,38.43%,25.16%,54.56%,284,81.38%,92.83%,58.25%,39.29%,59.62%,50.92%,0.6371,3
311,"$98,554",293,703,499,1220,767,0.6841,28.92%,30.06%,45.89%,48.23%,266,91.84%,90.61%,71.01%,19.23%,42.63%,33.34%,0.5811,3
312,"$36,644",822,1373,987,867,471,0.5465,42.37%,22.47%,36.53%,59.58%,656,25.18%,68.64%,46.94%,6.79%,50.23%,65.67%,0.4391,2
313,"$62,659",733,929,1138,1211,1048,0.6361,38.29%,37.21%,44.92%,56.41%,604,72.97%,86.25%,52.34%,35.92%,43.16%,56.45%,0.5785,3
314,"$119,229",242,291,670,1851,1479,0.778,53.06%,58.86%,15.79%,70.70%,158,95.12%,96.64%,35.48%,74.83%,65.45%,87.20%,0.7579,4
315.01,"$32,662",752,780,691,643,448,0.555,24.48%,21.01%,59.01%,70.70%,510,15.66%,71.44%,77.34%,5.28%,34.25%,87.20%,0.4853,3
315.02,"$33,302",401,666,893,967,291,0.605,64.53%,15.05%,37.06%,70.70%,566,17.16%,81.70%,25.99%,2.53%,49.86%,87.20%,0.4407,2
317,"$47,691",580,1041,976,1718,868,0.6484,42.33%,34.95%,24.26%,71.96%,614,51.61%,87.65%,47.08%,30.65%,60.24%,89.27%,0.6108,3
318,"$121,477",106,101,219,460,418,0.7508,0.00%,40.97%,36.48%,59.47%,149,95.27%,94.14%,100.00%,45.79%,50.31%,65.52%,0.7517,4
319,"$92,448",9,274,460,723,469,0.7415,48.69%,40.78%,21.94%,62.30%,235,90.58%,93.81%,40.13%,45.40%,61.46%,73.70%,0.6751,4
321,"$69,245",734,866,1065,2103,1625,0.6944,27.58%,29.78%,25.04%,70.70%,464,79.32%,91.10%,72.94%,18.56%,59.72%,87.20%,0.6814,4
401,"$75,236",363,517,571,875,397,0.6313,22.12%,45.63%,27.63%,71.29%,483,82.17%,85.76%,81.82%,54.84%,57.53%,88.72%,0.7514,4
402.01,"$68,880",796,852,816,1456,892,0.6331,26.55%,38.90%,44.53%,69.19%,690,79.00%,85.99%,74.34%,41.02%,43.74%,84.54%,0.681,4
402.02,"$57,451",900,1252,1195,1511,375,0.5698,33.70%,37.80%,64.05%,70.14%,990,67.45%,75.23%,58.48%,37.86%,30.87%,85.88%,0.593,3
403,"$67,246",166,455,573,609,446,0.6635,21.00%,60.95%,49.78%,69.95%,465,77.64%,89.43%,83.51%,76.26%,41.02%,85.45%,0.7555,4
404.01,"$62,448",358,310,377,719,515,0.6634,15.11%,48.98%,33.56%,67.41%,398,72.83%,89.32%,90.70%,60.73%,51.92%,82.02%,0.7459,4
404.02,"$85,180",460,211,378,1459,823,0.7185,47.34%,33.23%,25.22%,56.70%,389,88.08%,92.73%,41.22%,26.33%,59.50%,57.40%,0.6088,3
406,"$104,424",50,209,279,784,524,0.765,0.00%,27.57%,33.14%,58.26%,221,92.89%,95.54%,100.00%,13.68%,52.80%,62.34%,0.6954,4
407,"$95,971",301,311,441,655,769,0.7034,39.79%,42.98%,32.70%,72.86%,322,91.23%,91.89%,50.24%,50.48%,52.87%,90.35%,0.7118,4
408,"$82,764",173,89,257,382,308,0.6931,21.30%,41.66%,12.09%,72.86%,122,85.64%,90.99%,83.23%,47.36%,68.15%,90.35%,0.7762,4
409,"$92,570",139,179,284,443,412,0.7112,5.13%,29.57%,23.89%,63.71%,190,90.62%,92.41%,97.88%,18.15%,60.50%,76.03%,0.726,4
501,"$107,683",78,134,281,766,349,0.746,13.48%,35.47%,16.69%,77.67%,204,93.34%,93.97%,92.66%,31.68%,64.84%,94.34%,0.7847,4
502,"$133,369",329,568,568,1305,818,0.6956,17.71%,45.33%,30.52%,85.05%,600,96.12%,91.28%,88.46%,54.24%,55.55%,98.12%,0.8063,4
503,"$100,191",47,401,334,712,358,0.7008,15.00%,49.87%,13.72%,79.90%,327,92.06%,91.75%,90.98%,62.08%,66.96%,95.64%,0.8325,4
505,"$118,561",81,426,531,1431,1085,0.7696,19.50%,45.41%,11.40%,83.82%,805,95.08%,95.89%,86.26%,54.42%,68.56%,97.89%,0.8302,4
506,"$110,171",46,117,269,823,293,0.755,18.82%,50.25%,13.02%,82.66%,190,93.95%,94.99%,87.26%,62.20%,67.26%,97.10%,0.8379,4
507,"$145,820",38,130,146,425,255,0.7467,33.61%,63.03%,10.88%,78.87%,149,97.49%,94.00%,58.81%,78.19%,69.06%,95.02%,0.821,4
508,"$142,594",29,83,100,388,326,0.7942,0.00%,47.90%,10.92%,81.14%,193,97.27%,97.34%,100.00%,58.48%,69.03%,96.17%,0.8638,4
509,"$157,553",16,63,72,516,379,0.8254,0.00%,38.27%,19.30%,82.59%,171,98.06%,98.64%,100.00%,38.97%,62.68%,97.05%,0.8257,4
510,"$125,755",28,151,202,596,226,0.7398,19.89%,48.17%,17.48%,81.14%,177,95.53%,93.75%,85.98%,59.75%,64.12%,96.17%,0.8255,4
511,"$148,126",13,169,90,567,322,0.775,7.55%,44.97%,13.19%,81.14%,197,97.61%,96.36%,96.53%,53.91%,67.22%,96.17%,0.8463,4
512,"$142,289",125,90,174,477,264,0.7177,19.02%,40.80%,11.80%,64.31%,166,97.22%,92.64%,86.82%,45.43%,68.31%,76.99%,0.779,4
513,"$161,995",41,203,216,887,568,0.7815,5.97%,65.76%,19.21%,57.58%,402,98.29%,96.74%,97.56%,81.15%,62.77%,60.37%,0.8281,4
514,"$97,415",40,156,311,524,278,0.729,36.20%,51.75%,21.49%,56.68%,228,91.56%,93.20%,56.24%,65.25%,61.65%,57.31%,0.7087,4
601,"$104,738",8,83,470,815,556,0.7892,20.76%,50.27%,20.11%,75.94%,311,93.11%,97.12%,84.41%,62.33%,62.46%,93.46%,0.8215,4
602,"$98,441",100,295,468,580,291,0.6769,18.95%,33.25%,26.05%,62.30%,251,91.78%,90.07%,86.88%,26.38%,58.49%,73.70%,0.7122,4
603,"$144,500",45,229,293,862,761,0.7886,32.73%,47.99%,9.39%,85.75%,341,97.41%,97.05%,60.85%,59.02%,70.46%,98.31%,0.8052,4
604,"$130,880",61,153,260,1077,832,0.807,15.87%,43.02%,15.07%,89.57%,409,95.92%,97.72%,90.29%,50.57%,65.90%,99.40%,0.833,4
605,"$96,589",135,162,166,344,169,0.6512,0.00%,25.63%,26.10%,89.93%,115,91.25%,87.92%,100.00%,11.10%,58.43%,99.66%,0.7473,4
608,"$98,579",149,239,681,1777,1077,0.773,8.28%,52.40%,29.19%,68.88%,136,91.87%,96.25%,96.44%,65.99%,56.74%,84.13%,0.819,4
609,"$101,496",134,414,1112,2275,1513,0.7696,8.91%,42.10%,31.58%,64.22%,247,92.22%,95.95%,96.17%,48.12%,53.98%,76.70%,0.7719,4
610,"$153,174",43,131,164,829,289,0.7635,36.36%,36.95%,15.83%,60.55%,64,97.90%,95.49%,56.19%,34.81%,65.41%,67.67%,0.6958,4
611,"$93,827",11,96,81,597,178,0.7734,0.00%,32.81%,5.39%,83.40%,45,91.03%,96.32%,100.00%,25.29%,75.76%,97.17%,0.8093,4
612,"$157,062",13,51,140,754,343,0.8095,6.73%,32.32%,9.67%,89.93%,89,98.03%,97.91%,97.19%,24.76%,69.93%,99.66%,0.8125,4
615,"$124,452",26,152,125,686,416,0.787,12.36%,34.35%,11.06%,84.67%,77,95.40%,96.97%,94.38%,29.17%,68.83%,97.99%,0.8046,4
618,"$142,596",76,113,168,606,366,0.7615,31.03%,33.80%,11.19%,78.97%,40,97.28%,95.34%,66.56%,28.18%,68.82%,95.32%,0.7525,4
619.01,"$136,476",112,200,596,1186,923,0.7729,47.60%,33.07%,20.59%,78.97%,170,96.19%,96.16%,40.42%,25.62%,62.17%,95.32%,0.6931,4
619.02,"$159,773",24,294,500,1414,1209,0.8028,25.19%,33.86%,19.63%,78.97%,138,98.18%,97.57%,76.86%,28.52%,62.53%,95.32%,0.765,4
620,"$121,084",0,107,276,903,844,0.8332,21.43%,30.50%,16.33%,78.97%,104,95.24%,98.95%,82.90%,20.72%,65.04%,95.32%,0.7636,4
621,"$115,624",44,74,509,1222,679,0.7913,32.17%,28.51%,12.94%,78.97%,87,94.61%,97.15%,62.90%,14.92%,67.28%,95.32%,0.7203,4
622,"$132,020",41,58,156,954,585,0.8212,5.36%,45.26%,15.38%,78.97%,119,95.98%,98.48%,97.71%,54.10%,65.72%,95.32%,0.8455,4
623,"$153,190",17,23,46,612,339,0.8378,13.82%,39.81%,8.89%,78.49%,147,97.93%,99.26%,92.33%,43.06%,71.10%,94.99%,0.8311,4
624,"$239,885",65,56,170,609,294,0.7693,0.00%,45.75%,12.66%,80.86%,129,99.74%,95.67%,100.00%,54.87%,67.58%,95.87%,0.8562,4
625,"$181,221",29,52,165,571,333,0.796,0.00%,46.82%,15.42%,84.16%,109,98.81%,97.46%,100.00%,57.54%,65.69%,97.97%,0.8624,4
626,"$213,009",108,81,45,680,660,0.8164,21.22%,58.62%,22.37%,85.21%,329,99.61%,98.30%,83.30%,74.20%,61.21%,98.20%,0.858,4
627,"$193,349",64,107,188,960,581,0.7986,18.56%,41.32%,12.48%,83.98%,219,99.11%,97.51%,87.47%,46.48%,67.68%,97.94%,0.827,4
628,"$127,432",85,40,308,1285,851,0.8162,12.05%,42.25%,14.57%,82.74%,267,95.59%,98.20%,94.86%,48.89%,66.39%,97.16%,0.8351,4
629,"$208,342",30,166,257,1418,1228,0.8354,14.12%,40.38%,14.15%,75.00%,240,99.47%,99.18%,92.08%,44.61%,66.82%,92.58%,0.8246,4
630,"$124,535",34,105,138,1231,759,0.8273,14.52%,29.62%,16.18%,79.85%,117,95.43%,98.66%,91.57%,18.31%,65.12%,95.56%,0.7744,4
631,"$141,793",25,92,223,706,648,0.8196,0.00%,31.14%,18.26%,78.97%,101,97.13%,98.42%,100.00%,21.82%,63.45%,95.32%,0.7936,4
632,"$117,750",317,362,721,2522,1572,0.77,15.03%,33.82%,23.71%,78.97%,239,94.89%,96.07%,90.76%,28.32%,60.67%,95.32%,0.7767,4
633.01,"$47,624",12,37,554,765,503,0.7828,0.00%,18.39%,28.96%,78.97%,64,51.18%,96.85%,100.00%,3.56%,56.94%,95.32%,0.6731,4
633.02,"$153,083",0,160,273,1769,1199,0.8356,0.00%,35.60%,18.11%,78.97%,153,97.88%,99.21%,100.00%,32.12%,63.54%,95.32%,0.8135,4
633.03,"$110,137",40,83,135,340,350,0.785,0.00%,54.29%,12.25%,78.97%,20,93.90%,96.89%,100.00%,69.01%,67.78%,95.32%,0.8715,4
634,"$160,366",0,165,229,812,439,0.7854,33.96%,31.15%,8.83%,81.12%,77,98.20%,96.91%,58.07%,21.84%,71.12%,96.04%,0.737,4
701.01,"$265,963",39,127,403,1411,1224,0.8281,3.32%,41.63%,9.77%,85.45%,157,99.94%,98.84%,98.52%,47.33%,69.90%,98.23%,0.8546,4
701.02,"$194,583",76,90,304,881,611,0.7897,0.00%,29.62%,27.11%,83.41%,64,99.30%,97.13%,100.00%,18.32%,57.68%,97.18%,0.7827,4
701.03,"$191,181",0,17,90,908,386,0.8374,63.04%,16.45%,22.95%,87.74%,50,99.06%,99.22%,27.32%,2.95%,60.97%,98.80%,0.6472,3
702,"$195,636",96,112,170,1293,961,0.8212,11.90%,34.10%,20.88%,83.81%,179,99.34%,98.52%,95.10%,28.82%,62.07%,97.71%,0.8026,4
703,"$152,864",16,56,208,1330,984,0.8475,10.62%,45.53%,10.73%,81.70%,191,97.85%,99.53%,95.94%,54.54%,69.39%,96.48%,0.8562,4
704,"$175,288",276,139,289,995,663,0.738,14.92%,40.37%,11.20%,72.38%,221,98.69%,93.71%,91.14%,44.37%,68.81%,90.06%,0.8113,4
705,"$258,343",193,211,157,891,723,0.76,7.09%,46.66%,11.48%,71.00%,259,99.90%,95.33%,96.89%,57.20%,68.37%,88.01%,0.8428,4
706,"$246,523",70,74,219,976,881,0.8274,0.00%,64.87%,16.97%,67.86%,433,99.84%,98.76%,100.00%,79.94%,64.37%,83.06%,0.8766,4
707,"$193,573",269,123,206,894,819,0.7619,16.03%,55.39%,18.46%,64.32%,424,99.21%,95.44%,90.19%,69.97%,63.37%,77.13%,0.8255,4
710,"$164,465",0,47,133,799,815,0.8656,21.97%,42.60%,17.98%,71.07%,195,98.43%,99.91%,82.34%,49.48%,63.69%,88.61%,0.8041,4
711,"$196,666",7,63,67,666,764,0.8702,24.79%,37.88%,11.04%,71.07%,148,99.37%,99.95%,77.20%,38.22%,68.87%,88.61%,0.787,4
712,"$222,736",76,47,194,523,591,0.8105,26.95%,45.79%,13.57%,90.63%,163,99.67%,97.97%,73.58%,54.90%,67.18%,100.00%,0.8222,4
713,"$163,550",21,52,209,1168,1030,0.8527,17.01%,47.68%,10.93%,90.63%,305,98.38%,99.81%,89.32%,58.36%,68.98%,100.00%,0.8581,4
714,"$137,754",242,266,375,1606,1541,0.7954,4.53%,37.53%,16.38%,90.63%,228,96.25%,97.44%,98.22%,36.66%,64.92%,100.00%,0.8225,4
715,"$129,224",88,152,342,1943,2067,0.8504,33.22%,39.91%,15.01%,90.63%,302,95.66%,99.63%,59.81%,43.62%,66.17%,100.00%,0.7748,4
716,"$176,729",31,35,173,475,476,0.8235,17.42%,56.80%,11.98%,90.63%,244,98.74%,98.60%,88.70%,71.86%,68.27%,100.00%,0.877,4
717,"$156,894",23,19,198,507,504,0.8318,30.94%,56.87%,14.60%,90.63%,240,98.00%,98.89%,67.33%,71.91%,66.33%,100.00%,0.8375,4
718,"$185,177",43,166,298,567,836,0.8081,14.69%,54.84%,15.77%,88.63%,424,98.92%,97.89%,91.55%,69.45%,65.54%,98.90%,0.8704,4
801,"$209,793",30,206,591,2254,1950,0.8341,28.49%,51.21%,15.55%,77.92%,278,99.54%,99.01%,71.08%,64.25%,65.61%,94.96%,0.8241,4
802.01,"$159,302",42,142,491,1091,1160,0.8177,21.38%,66.00%,21.52%,75.14%,108,98.15%,98.33%,82.92%,81.28%,61.60%,92.64%,0.8582,4
802.02,"$193,893",34,116,428,1149,1249,0.8327,0.00%,58.30%,9.87%,76.26%,123,99.28%,98.92%,100.00%,73.90%,69.71%,93.73%,0.8926,4
803,"$143,956",91,156,344,1895,996,0.8038,22.73%,52.98%,18.22%,30.46%,250,97.33%,97.63%,80.16%,67.34%,63.51%,4.81%,0.6846,4
804,"$30,000",419,453,722,869,433,0.6307,83.02%,30.53%,5.47%,30.46%,896,12.11%,85.65%,10.59%,20.93%,75.63%,4.81%,0.3495,2
810,"$102,238",266,584,998,2289,1641,0.7542,45.16%,18.77%,27.68%,77.69%,154,92.38%,94.72%,43.01%,4.18%,57.42%,94.67%,0.644,3
811,"$77,926",189,236,554,1267,880,0.7544,34.00%,24.14%,17.70%,77.69%,78,83.54%,94.73%,58.05%,8.62%,63.95%,94.67%,0.6726,4
812.01,"$162,641",25,173,522,1330,1210,0.8164,0.00%,49.61%,19.02%,77.69%,105,98.31%,98.23%,100.00%,61.69%,62.88%,94.67%,0.8596,4
812.02,"$304,666",0,152,447,956,981,0.8181,62.03%,73.05%,15.14%,77.69%,133,100.00%,98.36%,27.93%,85.14%,65.80%,94.67%,0.7865,4
813,"$224,849",30,255,770,1670,1799,0.819,0.00%,63.87%,19.85%,77.69%,157,99.71%,98.39%,100.00%,78.88%,62.50%,94.67%,0.8903,4
814.01,"$182,867",3,102,224,628,839,0.8448,7.32%,48.25%,23.37%,77.69%,73,98.82%,99.44%,96.83%,59.88%,60.96%,94.67%,0.851,4
814.02,"$148,448",36,199,582,1059,1269,0.8115,0.00%,47.15%,21.71%,77.69%,171,97.65%,98.01%,100.00%,57.74%,61.50%,94.67%,0.8493,4
814.03,"$149,015",0,87,931,2852,2594,0.8461,0.00%,39.32%,31.34%,77.69%,214,97.69%,99.49%,100.00%,42.44%,54.65%,94.67%,0.8149,4
815,"$268,652",20,135,420,1849,1785,0.8492,24.85%,46.74%,19.12%,77.69%,149,99.97%,99.56%,77.17%,57.50%,62.81%,94.67%,0.8195,4
816,"$106,222",104,102,573,1384,1012,0.7951,0.00%,34.72%,23.75%,77.69%,83,93.17%,97.36%,100.00%,29.75%,60.56%,94.67%,0.7925,4
817,"$113,348",106,211,227,1550,1004,0.8024,18.64%,40.08%,29.91%,77.69%,125,94.30%,97.54%,87.29%,44.13%,56.18%,94.67%,0.7902,4
818,"$151,583",31,181,441,3255,2886,0.8586,19.03%,60.05%,15.54%,75.51%,236,97.80%,99.87%,86.79%,75.74%,65.67%,93.20%,0.8651,4
819,"$34,142",102,281,316,427,160,0.6407,72.90%,55.54%,3.21%,18.66%,223,18.89%,87.01%,20.94%,70.26%,82.75%,0.09%,0.4666,2
901,"$89,285",310,502,690,611,390,0.6215,16.77%,84.79%,17.44%,82.09%,557,89.87%,83.99%,89.64%,95.40%,64.25%,96.88%,0.8667,4
902,"$104,321",319,919,1484,1339,635,0.6448,4.92%,70.75%,10.82%,82.06%,970,92.84%,87.41%,98.13%,84.17%,69.35%,96.76%,0.8811,4
903,"$99,600",29,177,326,321,53,0.6424,34.85%,85.06%,23.50%,81.94%,233,91.98%,87.18%,57.14%,95.45%,60.94%,96.53%,0.8154,4
1001,"$83,364",606,696,1184,878,503,0.5988,18.44%,62.54%,40.70%,72.72%,803,86.21%,80.85%,87.72%,77.78%,47.11%,90.25%,0.7832,4
1002,"$84,250",333,1449,1460,1312,381,0.5983,20.38%,73.90%,26.80%,76.17%,1060,87.10%,80.66%,85.08%,86.03%,58.08%,93.70%,0.8177,4
1003,"$84,811",568,1184,1630,940,510,0.5851,6.86%,67.94%,18.80%,80.43%,894,87.72%,78.11%,97.17%,82.80%,63.09%,95.84%,0.8412,4
1004,"$101,879",162,641,474,637,253,0.6164,10.86%,93.03%,16.09%,77.46%,534,92.35%,83.32%,95.89%,99.61%,65.24%,94.18%,0.8843,4
1005,"$85,003",492,1286,1317,694,287,0.5508,13.03%,88.15%,31.56%,88.68%,974,87.99%,70.16%,93.27%,97.17%,54.30%,99.12%,0.8367,4
1006,"$73,135",500,1127,886,630,358,0.5554,20.16%,80.38%,42.95%,74.90%,706,81.31%,71.80%,85.24%,92.37%,44.99%,92.35%,0.7801,4
1007,"$73,104",549,1169,805,649,348,0.5476,31.48%,91.53%,43.16%,73.35%,685,81.15%,68.95%,65.38%,98.95%,44.78%,90.95%,0.7503,4
1101,"$81,548",499,1050,986,832,350,0.5722,12.84%,63.56%,31.31%,70.32%,798,85.30%,75.77%,93.74%,78.63%,54.84%,86.33%,0.791,4
1102,"$60,858",103,618,681,331,112,0.5708,31.14%,51.04%,44.73%,70.04%,359,70.29%,75.46%,66.11%,64.13%,43.43%,85.65%,0.6751,4
1103,"$77,710",468,1104,832,918,330,0.5747,14.21%,83.87%,43.64%,72.02%,759,83.42%,76.09%,91.87%,94.45%,44.62%,89.44%,0.7998,4
1104,"$88,661",455,826,876,688,330,0.5756,17.19%,57.92%,46.89%,73.91%,543,89.65%,76.22%,89.10%,73.72%,42.39%,91.34%,0.7707,4
1105.01,"$64,224",337,913,1039,699,330,0.5863,25.96%,65.25%,44.45%,70.57%,746,75.01%,78.50%,74.99%,80.24%,43.91%,86.81%,0.7324,4
1105.02,"$65,526",209,1037,564,405,189,0.5441,25.21%,53.46%,50.02%,70.51%,437,77.01%,68.07%,76.83%,68.61%,40.91%,86.64%,0.6968,4
1201,"$116,570",152,284,593,730,994,0.7547,1.57%,92.78%,21.07%,87.33%,906,94.82%,94.94%,99.03%,99.49%,61.94%,98.52%,0.9146,4
1202,"$108,390",68,678,770,859,718,0.6958,12.10%,84.28%,28.41%,89.26%,803,93.60%,91.46%,94.80%,94.83%,57.18%,99.31%,0.8853,4
1203,"$140,305",241,795,934,1633,1023,0.7038,17.20%,86.60%,32.62%,87.34%,1175,96.89%,92.16%,88.97%,96.39%,53.14%,98.79%,0.8772,4
1204,"$78,681",195,558,690,566,414,0.6368,18.34%,76.28%,44.85%,70.21%,587,84.14%,86.47%,88.05%,88.95%,43.35%,86.01%,0.795,4
1301,"$51,437",615,689,912,824,636,0.6096,12.20%,58.14%,54.13%,80.86%,653,57.57%,82.83%,94.61%,73.87%,38.40%,96.02%,0.7389,4
1302,"$93,523",70,333,244,195,162,0.6092,21.77%,78.24%,23.63%,83.50%,239,91.02%,82.63%,82.40%,90.80%,60.72%,97.24%,0.8413,4
1303,"$74,020",541,652,953,694,563,0.6051,25.25%,47.30%,59.05%,67.48%,858,81.57%,81.89%,76.73%,57.93%,34.13%,82.37%,0.691,4
1401,"$36,649",824,436,403,286,137,0.4539,30.21%,22.82%,76.13%,57.25%,648,25.33%,37.22%,69.22%,7.13%,18.38%,59.28%,0.361,2
1402,"$58,290",1656,538,553,586,350,0.4608,32.49%,30.14%,75.07%,57.97%,878,68.15%,40.76%,61.70%,19.59%,20.21%,62.02%,0.454,2
1403.01,"$57,518",854,374,444,172,111,0.4273,53.78%,31.94%,87.71%,59.01%,607,67.59%,26.38%,34.66%,23.76%,5.02%,64.66%,0.3701,2
1403.02,"$60,535",1093,473,543,464,214,0.4732,22.31%,42.75%,66.58%,59.01%,672,70.05%,44.81%,81.15%,49.94%,28.48%,64.66%,0.5652,3
1404,"$56,079",859,1102,1281,741,570,0.5588,21.34%,62.96%,58.14%,63.70%,1194,65.60%,72.91%,83.20%,78.15%,34.98%,75.99%,0.6847,4
1405,"$52,786",896,630,500,342,136,0.4556,14.13%,48.26%,69.68%,60.08%,661,60.90%,38.26%,92.03%,60.03%,26.15%,66.69%,0.5734,3
1406.01,"$54,835",850,365,233,314,82,0.4279,21.67%,41.15%,79.08%,58.69%,534,63.72%,26.50%,82.62%,46.16%,14.87%,63.05%,0.4949,3
1406.02,"$35,901",1456,520,667,430,131,0.429,30.59%,28.29%,77.64%,59.03%,1099,23.29%,26.92%,68.32%,14.26%,16.89%,65.15%,0.3581,2
1407.01,"$54,058",598,273,389,337,271,0.5368,14.72%,29.44%,63.72%,57.69%,500,62.39%,65.43%,91.45%,17.80%,31.20%,60.89%,0.5486,3
1407.02,"$41,448",1379,853,707,714,190,0.469,54.82%,32.29%,73.10%,58.35%,1154,40.15%,43.09%,34.12%,24.74%,22.68%,62.61%,0.379,2
1408,"$87,401",1268,595,855,1074,1139,0.609,23.14%,44.70%,57.85%,64.29%,1115,89.38%,82.58%,79.34%,53.20%,35.39%,76.95%,0.6947,4
1502,"$68,387",755,1323,1439,1232,715,0.5937,45.81%,46.60%,47.80%,63.72%,1181,78.77%,79.77%,42.97%,56.95%,41.84%,76.31%,0.6277,3
1503,"$65,028",660,1780,1244,1022,266,0.5378,22.26%,55.41%,45.11%,63.64%,1054,76.63%,65.92%,81.39%,70.21%,43.02%,75.72%,0.6881,4
1504.01,"$61,871",434,856,1177,560,413,0.5803,36.69%,57.90%,50.50%,75.31%,751,71.87%,77.18%,55.89%,73.60%,40.71%,92.82%,0.6868,4
1504.02,"$67,477",585,820,645,264,296,0.5131,37.27%,64.45%,47.16%,69.08%,568,77.88%,57.86%,54.76%,79.68%,41.98%,84.38%,0.6609,4
1505.01,"$68,144",200,887,757,396,267,0.5715,5.88%,74.71%,39.98%,73.07%,531,78.28%,75.58%,97.68%,86.46%,47.81%,90.69%,0.7942,4
1505.02,"$57,271",792,1324,827,242,63,0.4436,26.63%,59.10%,64.14%,72.06%,668,67.11%,33.58%,74.18%,74.98%,30.65%,89.73%,0.6171,3
1506,"$92,006",487,923,725,443,203,0.5246,32.18%,61.73%,56.44%,67.45%,646,90.45%,61.87%,62.88%,76.94%,35.94%,82.17%,0.6838,4
1507,"$64,096",475,970,1024,442,290,0.5439,18.94%,61.92%,54.65%,67.58%,781,74.84%,67.97%,87.21%,77.18%,38.05%,82.55%,0.713,4
1508,"$59,528",766,1106,695,389,246,0.4903,43.56%,50.27%,55.64%,67.81%,854,69.65%,51.00%,45.24%,62.52%,36.81%,82.96%,0.5803,3
1510.01,"$42,982",609,659,311,163,90,0.4325,43.93%,48.20%,66.82%,65.19%,489,42.37%,28.76%,44.54%,59.86%,27.46%,78.44%,0.4691,2
1510.02,"$51,996",967,1018,802,223,215,0.4574,34.76%,43.39%,72.30%,61.20%,865,58.87%,39.33%,57.55%,51.31%,23.30%,70.05%,0.5007,3
1511,"$52,143",631,1247,921,490,357,0.5284,23.21%,43.79%,73.40%,62.00%,886,59.51%,62.43%,79.09%,51.79%,22.24%,72.25%,0.5789,3
1512,"$60,612",771,991,425,354,202,0.4706,15.01%,67.63%,71.51%,62.23%,660,70.20%,43.84%,90.91%,82.53%,24.40%,73.15%,0.6417,3
1601,"$79,234",291,467,581,264,134,0.5405,31.67%,60.21%,36.61%,64.56%,412,84.35%,66.86%,64.29%,75.83%,50.08%,77.49%,0.6982,4
1602,"$83,616",411,671,778,541,190,0.5558,18.94%,57.87%,37.32%,66.42%,674,86.37%,72.00%,87.04%,73.43%,49.68%,80.23%,0.7479,4
1603,"$65,109",407,794,595,729,293,0.5792,23.76%,37.73%,51.85%,66.57%,355,76.71%,76.79%,78.44%,37.53%,39.34%,80.63%,0.6491,4
1604,"$55,294",894,514,825,631,439,0.552,27.87%,44.85%,59.71%,60.83%,764,64.47%,70.67%,71.94%,53.76%,33.32%,68.63%,0.6046,3
1605.01,"$41,691",1066,402,480,500,253,0.4869,44.35%,42.37%,72.13%,59.76%,825,40.72%,49.84%,44.43%,49.23%,23.81%,66.08%,0.4568,2
1605.02,"$46,514",951,325,434,582,120,0.4835,17.08%,44.38%,76.11%,61.61%,663,49.41%,48.53%,89.25%,52.34%,18.54%,71.37%,0.5491,3
1606.01,"$65,012",411,464,575,670,283,0.5958,18.60%,44.44%,51.69%,66.16%,570,76.38%,80.12%,87.42%,52.76%,39.68%,79.86%,0.6937,4
1606.02,"$62,390",493,410,709,726,243,0.5857,32.62%,44.44%,52.96%,66.16%,519,72.74%,78.32%,61.21%,52.46%,39.08%,79.86%,0.6395,3
1607,"$85,953",841,599,1044,1028,666,0.6038,25.77%,46.20%,50.54%,60.96%,947,88.45%,81.41%,75.21%,55.77%,40.54%,68.91%,0.6838,4
1608,"$61,494",704,872,1001,689,196,0.5307,27.56%,42.09%,67.87%,63.23%,833,71.15%,63.23%,73.13%,48.06%,26.65%,75.25%,0.5958,3
1609,"$87,027",289,285,415,330,310,0.6107,12.30%,53.03%,35.02%,62.75%,342,88.93%,82.99%,94.46%,67.51%,50.77%,74.15%,0.7647,4
1610,"$76,945",102,321,358,339,222,0.6385,24.87%,48.64%,26.03%,64.48%,268,82.70%,86.62%,77.13%,60.31%,58.60%,77.19%,0.7376,4
1611,"$148,101",79,278,187,325,372,0.702,12.93%,59.95%,17.94%,65.74%,301,97.56%,91.82%,93.34%,75.68%,63.76%,79.22%,0.8356,4
1612,"$64,738",333,685,277,180,184,0.5032,14.34%,57.45%,63.89%,61.98%,436,75.31%,55.65%,91.70%,72.43%,31.08%,72.04%,0.6637,4
1613,"$50,931",712,885,636,349,88,0.4664,34.75%,32.67%,59.00%,60.39%,642,56.66%,42.22%,57.70%,25.24%,34.40%,67.25%,0.4725,2
1701,"$66,277",244,332,431,250,123,0.553,6.67%,81.82%,31.45%,71.86%,87,77.43%,70.77%,97.21%,93.25%,54.46%,89.12%,0.8037,4
1702,"$74,154",560,727,835,428,137,0.5148,30.23%,77.00%,55.83%,72.06%,615,81.72%,58.75%,69.08%,89.88%,36.62%,89.73%,0.7096,4
1703,"$63,430",578,1293,1029,570,276,0.5292,21.97%,72.15%,60.57%,71.86%,723,73.55%,62.67%,82.30%,84.81%,32.57%,89.12%,0.7084,4
1704,"$74,253",515,1002,620,511,184,0.5186,5.32%,76.70%,44.37%,70.91%,537,81.84%,60.39%,97.83%,89.44%,44.06%,87.59%,0.7686,4
1705,"$82,181",511,1143,906,569,413,0.5565,13.98%,76.39%,38.77%,81.20%,765,85.57%,72.18%,92.26%,89.13%,48.73%,96.35%,0.807,4
1706,"$77,526",226,669,638,306,174,0.5536,18.36%,81.61%,41.80%,81.46%,393,83.12%,70.92%,87.91%,92.93%,45.81%,96.44%,0.7952,4
1707,"$89,048",419,729,518,277,132,0.5011,12.81%,76.08%,55.41%,75.38%,426,89.75%,54.86%,93.83%,88.82%,37.15%,93.03%,0.7624,4
1708,"$77,628",489,808,649,536,205,0.5375,8.52%,75.04%,48.51%,70.36%,523,83.24%,65.55%,96.41%,87.06%,41.47%,86.52%,0.7671,4
1709,"$57,683",275,349,369,141,51,0.4893,51.82%,74.84%,60.02%,70.36%,296,67.66%,50.69%,36.55%,86.52%,33.15%,86.52%,0.6018,3
1710,"$80,735",764,1789,1506,783,397,0.5336,11.66%,75.30%,54.06%,68.63%,1043,84.91%,64.56%,95.72%,87.29%,38.64%,83.80%,0.7582,4
1711,"$57,987",483,1046,636,356,198,0.5073,25.36%,69.84%,71.30%,66.15%,602,67.80%,56.59%,76.16%,83.32%,24.72%,79.61%,0.647,3
1801,"$55,229",1147,1280,1155,531,194,0.4767,23.93%,70.33%,60.99%,55.22%,948,64.29%,46.28%,78.09%,83.90%,32.21%,52.82%,0.596,3
1901,"$42,566",709,400,340,18,3,0.3559,43.53%,31.48%,83.83%,59.19%,495,41.93%,7.76%,45.35%,22.28%,9.78%,65.32%,0.3207,1
1902,"$41,076",1102,1310,580,350,109,0.4293,49.03%,51.73%,75.72%,58.87%,1133,39.28%,27.49%,39.77%,65.20%,19.77%,63.70%,0.4254,2
1903,"$58,658",1193,1487,785,330,155,0.4363,34.83%,46.59%,80.73%,56.22%,922,68.60%,30.63%,57.35%,56.62%,13.77%,56.14%,0.4718,2
1904.01,"$50,151",879,1104,538,337,42,0.4317,27.59%,65.53%,73.96%,68.51%,784,54.70%,28.65%,72.83%,80.71%,22.04%,83.56%,0.5708,3
1904.02,"$47,498",910,1285,702,459,93,0.4573,30.73%,53.23%,75.95%,61.23%,1026,50.94%,39.13%,67.79%,68.25%,19.02%,70.29%,0.5257,3
1906.01,"$51,537",705,926,714,194,48,0.4418,55.37%,51.63%,81.81%,63.51%,961,58.10%,32.98%,33.62%,64.88%,12.00%,75.47%,0.4618,2
1906.02,"$50,351",840,1173,829,332,184,0.4718,41.34%,59.71%,76.56%,57.66%,1176,55.60%,44.39%,48.65%,75.50%,17.92%,60.78%,0.5047,3
1907.01,"$43,719",593,455,414,141,65,0.4357,33.33%,41.42%,86.35%,56.53%,659,44.31%,30.41%,59.74%,46.63%,7.66%,56.97%,0.4095,2
1907.02,"$37,782",1051,1266,389,35,92,0.3777,51.55%,35.22%,82.37%,55.17%,1107,29.34%,12.05%,36.81%,31.58%,11.50%,52.09%,0.2889,1
1908,"$36,563",1645,1230,779,258,119,0.4003,32.31%,42.61%,86.80%,55.90%,1336,25.03%,16.84%,62.73%,49.79%,7.29%,55.68%,0.3623,2
1909,"$42,081",495,333,369,166,8,0.4336,60.07%,46.13%,61.19%,50.98%,394,41.16%,29.07%,29.26%,55.34%,31.99%,40.09%,0.3782,2
1910,"$55,408",996,225,334,37,26,0.337,24.92%,53.78%,89.83%,52.77%,566,64.60%,2.89%,77.07%,68.74%,3.33%,45.47%,0.4368,2
1911,"$38,008",2020,1391,709,259,80,0.3752,49.84%,41.50%,78.38%,52.88%,1810,30.66%,11.80%,38.90%,47.12%,15.82%,46.32%,0.3177,1
1912,"$36,941",1063,713,283,126,31,0.3607,35.88%,38.70%,88.43%,53.56%,1052,26.99%,9.79%,56.48%,40.29%,4.72%,48.92%,0.312,1
1913.01,"$38,070",1357,824,839,169,18,0.3921,41.19%,46.48%,78.20%,51.85%,1238,31.50%,15.00%,48.93%,56.36%,16.33%,43.42%,0.3526,2
1913.02,"$38,175",1640,841,268,81,15,0.3181,50.99%,47.53%,87.16%,51.17%,1169,32.20%,1.54%,37.80%,58.29%,6.08%,40.36%,0.2938,1
2001,"$49,679",1132,838,713,193,31,0.4041,39.06%,51.39%,80.76%,55.26%,864,54.20%,19.12%,51.32%,64.50%,13.56%,53.02%,0.4262,2
2002,"$44,789",1019,1229,767,255,110,0.4348,55.49%,34.96%,83.10%,48.99%,1127,46.30%,30.20%,33.40%,30.91%,10.49%,35.34%,0.3111,1
2003,"$44,910",606,407,248,53,18,0.3703,49.30%,37.75%,83.72%,41.71%,465,46.45%,11.04%,39.19%,37.63%,9.88%,22.01%,0.277,1
2004.01,"$39,659",970,627,226,141,0,0.353,33.12%,41.01%,82.30%,42.87%,769,36.79%,7.18%,60.26%,45.97%,11.67%,24.53%,0.3107,1
2004.02,"$44,357",1257,546,484,235,80,0.3952,46.48%,37.61%,86.28%,40.06%,986,45.27%,15.75%,42.19%,37.04%,7.89%,20.21%,0.2806,1
2101,"$75,167",475,777,815,473,245,0.5451,34.35%,48.96%,54.98%,61.52%,657,82.06%,68.35%,57.98%,60.64%,37.87%,70.88%,0.6296,3
2104,"$43,326",374,798,416,260,87,0.4851,26.10%,38.08%,77.04%,53.58%,573,43.07%,49.15%,74.60%,38.52%,17.02%,49.05%,0.4524,2
2105.01,"$44,464",754,1162,313,392,34,0.4335,43.10%,28.59%,81.50%,49.35%,680,45.76%,28.98%,46.16%,15.16%,12.15%,36.17%,0.3073,1
2105.02,"$49,342",601,1177,793,191,187,0.477,40.40%,33.07%,71.29%,47.95%,926,53.44%,46.50%,49.29%,25.83%,24.94%,33.28%,0.3888,2
2106.01,"$45,336",537,754,389,278,89,0.466,16.81%,38.73%,71.45%,50.81%,528,47.06%,41.83%,89.52%,40.41%,24.52%,39.84%,0.472,2
2106.02,"$51,814",639,1123,765,423,64,0.4772,44.85%,33.29%,63.34%,49.70%,855,58.53%,46.69%,43.70%,26.58%,31.39%,36.47%,0.4056,2
2107,"$54,409",588,947,559,614,316,0.542,40.00%,37.61%,59.05%,54.77%,679,62.95%,67.30%,50.17%,36.81%,33.94%,51.49%,0.5044,3
2108,"$45,778",115,203,193,203,72,0.5781,20.59%,33.73%,53.09%,61.32%,205,48.04%,76.66%,84.61%,27.66%,38.96%,70.33%,0.5771,3
2109,"$61,541",495,328,773,449,215,0.5612,19.88%,47.94%,56.17%,60.99%,446,71.25%,73.70%,86.08%,58.59%,36.42%,69.01%,0.6584,4
2203,"$84,907",161,312,201,513,405,0.6866,34.51%,38.70%,29.48%,63.99%,244,87.77%,90.83%,57.76%,40.29%,56.37%,76.45%,0.6825,4
2204,"$63,724",307,375,262,781,312,0.6408,36.81%,37.90%,27.15%,60.77%,253,74.26%,87.07%,55.44%,38.32%,57.64%,68.45%,0.6353,3
2205,"$78,793",201,225,490,894,307,0.6832,49.09%,35.15%,26.82%,56.07%,204,84.19%,90.40%,39.51%,31.12%,57.73%,55.87%,0.598,3
2206.01,"$52,893",215,362,207,318,172,0.5796,29.57%,32.98%,44.87%,50.36%,224,61.24%,76.84%,70.32%,25.50%,43.21%,37.44%,0.5243,3
2206.02,"$56,010",445,814,512,1173,571,0.6348,37.99%,24.42%,39.08%,48.65%,552,64.98%,86.11%,52.82%,9.37%,48.13%,34.52%,0.4932,3
2207.01,"$37,208",697,756,456,203,28,0.4233,58.95%,37.11%,58.97%,47.93%,674,27.62%,23.27%,29.83%,35.44%,34.55%,33.07%,0.3063,1
2207.02,"$45,771",450,1202,459,298,130,0.4784,60.55%,30.46%,57.79%,47.64%,781,47.99%,47.13%,28.80%,20.58%,35.79%,31.51%,0.353,2
2209.01,"$51,061",447,882,454,245,57,0.4641,43.34%,32.17%,55.42%,44.62%,813,57.21%,41.46%,45.59%,24.27%,37.05%,26.20%,0.3863,2
2209.02,"$34,406",341,940,610,225,59,0.4824,47.38%,36.18%,64.34%,48.30%,763,19.63%,48.07%,40.94%,33.53%,30.44%,33.69%,0.3438,1
2210,"$40,463",558,610,454,390,40,0.4776,49.02%,35.49%,65.45%,46.47%,669,38.61%,46.85%,39.93%,31.84%,29.57%,29.59%,0.3606,2
2211,"$36,388",629,1053,686,758,346,0.5504,47.37%,31.19%,42.32%,48.66%,677,24.27%,69.94%,41.13%,22.00%,45.27%,34.67%,0.3955,2
2212,"$69,571",320,406,510,761,272,0.6228,58.10%,40.41%,29.74%,52.78%,375,79.81%,84.33%,30.51%,44.70%,56.31%,45.90%,0.5693,3
2213,"$42,112",337,605,432,636,241,0.5857,22.49%,25.44%,49.38%,54.34%,397,41.34%,78.21%,80.64%,11.03%,41.11%,50.11%,0.5041,3
2214,"$37,837",342,851,442,515,119,0.5311,36.51%,39.28%,59.12%,62.38%,426,29.43%,63.33%,56.04%,42.05%,33.78%,73.80%,0.4974,3
2215,"$69,252",393,627,607,451,196,0.5499,30.97%,26.56%,45.61%,69.05%,300,79.39%,69.61%,66.90%,12.37%,42.78%,84.20%,0.5921,3
2216,"$109,850",71,132,405,916,691,0.7828,15.59%,39.89%,13.61%,58.67%,239,93.90%,96.83%,90.40%,43.55%,67.14%,62.93%,0.7579,4
2222,"$193,590",79,69,120,789,393,0.7859,16.39%,56.52%,14.13%,58.67%,203,99.25%,96.95%,89.69%,71.71%,66.86%,62.93%,0.8123,4
2225,"$50,172",224,241,282,172,70,0.5238,56.49%,36.91%,55.47%,44.88%,227,55.25%,61.51%,32.01%,34.77%,36.87%,26.58%,0.4116,2
2226,"$39,657",183,311,285,294,129,0.5792,50.85%,28.69%,43.95%,44.55%,215,36.61%,76.71%,37.88%,15.71%,44.16%,26.02%,0.3951,2
2227,"$41,747",337,483,387,107,62,0.4654,31.58%,32.34%,62.29%,42.49%,446,40.83%,41.58%,64.99%,24.86%,31.70%,23.77%,0.3796,2
2228,"$17,444",232,191,78,87,47,0.4507,83.87%,22.77%,68.33%,42.31%,259,1.36%,36.61%,10.22%,6.98%,26.39%,23.49%,0.1751,1
2229,"$34,975",332,237,97,20,52,0.3894,18.54%,41.55%,64.05%,42.51%,285,20.98%,14.41%,87.53%,47.18%,30.94%,23.84%,0.3748,2
2301,"$38,123",328,233,221,148,73,0.4814,52.79%,31.56%,58.65%,44.55%,295,31.57%,47.72%,36.09%,22.60%,34.71%,26.02%,0.3312,1
2302,"$54,747",400,217,310,179,124,0.5041,65.41%,31.99%,50.47%,41.53%,447,63.37%,55.85%,25.15%,23.86%,40.81%,21.51%,0.3843,2
2303,"$40,298",362,135,87,14,3,0.3208,28.10%,28.97%,88.08%,41.53%,249,38.13%,1.60%,71.51%,16.42%,4.78%,21.51%,0.2566,1
2304,"$41,848",645,409,357,47,30,0.386,37.91%,46.09%,77.92%,41.53%,608,40.96%,14.10%,53.18%,55.25%,16.47%,21.35%,0.3355,1
2305,"$30,455",972,745,328,24,0,0.3424,41.43%,25.37%,79.53%,53.37%,794,12.79%,3.77%,48.11%,10.94%,14.29%,47.44%,0.2289,1
2306,"$38,593",1568,1202,687,352,26,0.3948,78.96%,29.03%,59.55%,53.56%,1563,33.75%,15.53%,16.11%,17.16%,33.68%,48.68%,0.2749,1
2307,"$39,283",1160,1495,917,168,95,0.4197,52.81%,36.57%,72.28%,50.46%,1398,35.45%,22.23%,36.03%,34.07%,23.62%,38.10%,0.3158,1
2308,"$45,004",209,180,76,300,21,0.5349,6.15%,51.65%,94.64%,53.49%,272,46.63%,64.74%,97.47%,64.94%,1.34%,48.10%,0.5387,3
2309,"$34,829",999,777,876,408,283,0.4923,47.54%,30.66%,51.29%,56.85%,1074,20.52%,52.38%,40.76%,21.46%,40.08%,58.20%,0.389,2
2311,"$31,617",190,296,196,44,12,0.4352,76.92%,41.94%,11.24%,49.88%,262,13.82%,30.26%,17.71%,47.54%,68.76%,36.53%,0.3577,2
2312,"$27,546",1207,1231,766,159,181,0.4237,81.34%,33.15%,16.95%,51.46%,1372,8.21%,23.85%,13.12%,26.14%,64.69%,41.53%,0.2959,1
2315,"$27,527",1683,1251,927,131,23,0.3788,84.93%,33.47%,4.17%,61.11%,1350,7.90%,12.42%,9.46%,27.23%,79.23%,69.60%,0.3431,1
2402,"$111,070",160,111,135,384,284,0.697,3.97%,51.52%,33.25%,64.05%,118,93.97%,91.52%,98.42%,64.66%,52.53%,76.64%,0.7962,4
2403,"$188,950",13,7,293,444,321,0.7954,14.49%,42.38%,17.39%,64.05%,110,99.05%,97.38%,91.60%,49.25%,64.27%,76.64%,0.797,4
2405,"$130,803",65,27,165,976,609,0.8212,5.06%,64.62%,9.27%,58.24%,124,95.83%,98.45%,97.90%,79.70%,70.49%,62.29%,0.8411,4
2406,"$112,182",33,57,114,555,291,0.7931,34.27%,52.24%,15.97%,47.83%,213,94.21%,97.30%,58.03%,65.85%,65.33%,32.71%,0.6891,4
2407,"$54,381",295,218,156,216,146,0.5418,16.92%,30.35%,60.49%,47.83%,329,62.79%,67.15%,89.40%,20.21%,32.84%,32.71%,0.5085,3
2408,"$51,119",168,252,275,361,129,0.6052,61.21%,29.55%,53.66%,47.81%,289,57.27%,81.96%,28.27%,18.10%,38.70%,32.31%,0.4277,2
2409,"$38,630",246,138,81,155,128,0.5414,40.00%,24.67%,63.98%,64.32%,179,34.12%,66.90%,50.17%,9.62%,30.98%,77.03%,0.448,2
2410,"$36,261",526,274,254,225,101,0.4697,80.00%,26.82%,45.78%,50.41%,364,23.97%,43.47%,14.97%,12.76%,42.71%,37.78%,0.2928,1
2411,"$41,420",367,316,775,785,296,0.6258,73.29%,29.24%,37.96%,51.81%,491,39.89%,85.29%,20.71%,17.45%,49.08%,42.96%,0.4256,2
2412,"$98,413",174,148,152,431,265,0.6795,27.34%,32.80%,27.14%,51.81%,141,91.72%,90.28%,73.16%,25.28%,57.67%,42.96%,0.6351,3
2413,"$93,936",71,145,113,707,336,0.7592,50.94%,37.80%,16.44%,56.24%,132,91.06%,95.19%,37.83%,37.89%,64.87%,56.24%,0.6385,3
2414,"$95,312",325,321,379,1363,1056,0.7454,45.82%,32.35%,22.37%,56.24%,295,91.13%,93.92%,42.70%,24.93%,61.28%,56.24%,0.617,3
2415,"$141,023",159,128,163,1208,559,0.7696,31.87%,36.53%,14.46%,52.11%,200,97.11%,96.00%,63.48%,33.63%,66.51%,43.97%,0.6678,4
2416,"$80,432",233,215,310,1251,601,0.7358,20.88%,26.73%,29.04%,47.67%,268,84.67%,93.35%,84.03%,12.68%,56.80%,31.70%,0.6054,3
2420,"$58,348",839,606,592,998,558,0.5905,43.70%,25.04%,33.15%,49.22%,402,68.24%,79.04%,45.04%,10.23%,52.75%,35.69%,0.485,3
2421,"$166,174",194,118,266,1230,739,0.7729,33.20%,44.44%,16.21%,56.51%,257,98.49%,96.22%,60.01%,52.52%,65.09%,56.82%,0.7153,4
2422,"$89,379",281,98,381,1407,547,0.7357,22.34%,39.15%,18.32%,62.30%,271,89.94%,93.29%,80.99%,41.55%,63.43%,73.59%,0.738,4
2423,"$92,595",106,239,432,1107,700,0.7591,42.22%,35.50%,31.59%,69.05%,215,90.67%,95.16%,47.13%,31.89%,53.92%,84.25%,0.6717,4
2424,"$82,517",221,286,412,876,469,0.6959,31.14%,26.09%,47.89%,65.92%,163,85.61%,91.50%,66.15%,11.79%,41.57%,79.26%,0.6264,3
2425,"$40,414",397,600,571,497,392,0.5908,42.81%,30.44%,58.87%,64.03%,383,38.46%,79.50%,46.46%,20.40%,34.64%,76.54%,0.4933,3
2426,"$46,145",773,621,1001,1122,580,0.6056,51.06%,29.05%,42.25%,61.10%,756,48.42%,82.13%,37.06%,17.33%,45.45%,69.29%,0.4995,3
2427,"$23,090",151,367,313,275,122,0.5756,88.85%,25.85%,38.94%,66.57%,382,2.86%,76.30%,6.80%,11.43%,48.26%,80.76%,0.3773,2
2428,"$87,403",99,284,185,407,138,0.6361,8.76%,50.75%,37.26%,66.57%,160,89.41%,86.29%,96.29%,63.68%,49.73%,80.76%,0.7769,4
2429,"$51,998",121,219,269,508,319,0.6954,38.16%,43.35%,46.95%,62.16%,182,59.06%,91.14%,52.41%,50.82%,42.09%,72.77%,0.6138,3
2430,"$65,610",334,221,305,482,386,0.6422,43.86%,46.52%,37.84%,60.84%,246,77.11%,87.13%,44.60%,56.41%,49.28%,68.69%,0.6387,3
2431,"$69,895",312,226,271,469,259,0.6178,15.70%,43.55%,51.07%,59.42%,262,79.91%,83.86%,90.35%,51.48%,40.14%,65.48%,0.6854,4
2432,"$149,549",361,154,203,528,387,0.6522,11.39%,41.86%,42.91%,59.42%,231,97.75%,88.31%,95.77%,47.48%,45.04%,65.48%,0.733,4
2433,"$111,087",129,234,249,688,460,0.7268,31.22%,33.77%,25.21%,49.22%,210,94.02%,93.15%,65.80%,28.17%,59.55%,35.69%,0.6273,3
2434,"$48,105",494,427,391,822,361,0.6103,8.86%,40.25%,46.59%,49.22%,349,52.11%,82.91%,96.25%,44.24%,42.57%,35.69%,0.5896,3
2435,"$120,717",156,117,397,1026,738,0.7703,56.13%,51.09%,14.31%,59.20%,236,95.21%,96.12%,32.14%,64.19%,66.56%,65.37%,0.6993,4
2502,"$51,648",559,580,500,61,54,0.4257,41.39%,55.16%,35.43%,30.72%,522,58.28%,25.11%,48.38%,69.57%,50.69%,5.09%,0.4285,2
2503,"$45,749",760,880,856,271,59,0.4577,73.35%,42.24%,20.19%,35.69%,946,47.82%,39.66%,20.59%,48.83%,62.39%,12.51%,0.3863,2
2504,"$52,019",687,1395,1350,291,62,0.4756,47.29%,44.84%,12.24%,43.00%,1098,59.31%,45.86%,41.47%,53.59%,68.03%,24.79%,0.4884,3
2505,"$86,297",431,1084,1805,1141,725,0.6249,37.80%,83.58%,33.44%,57.25%,1211,88.73%,85.10%,53.79%,94.28%,52.50%,59.56%,0.7233,4
2506,"$44,561",519,876,1055,230,97,0.4927,57.02%,63.51%,6.72%,41.31%,792,45.96%,52.70%,31.55%,78.44%,73.03%,21.04%,0.5046,3
2507,"$35,363",998,1584,1186,168,81,0.4382,65.85%,37.87%,1.09%,34.33%,1041,22.12%,31.98%,24.69%,38.13%,93.35%,10.96%,0.3687,2
2508,"$43,596",388,460,357,141,48,0.4567,65.33%,52.25%,6.38%,24.41%,449,43.96%,38.76%,25.25%,65.96%,73.92%,0.87%,0.4145,2
2510,"$44,281",195,232,270,14,29,0.4514,67.42%,40.72%,10.02%,31.08%,283,44.95%,36.67%,23.42%,45.13%,69.63%,5.98%,0.3763,2
2511,"$37,304",798,991,666,117,35,0.4159,80.75%,30.58%,4.98%,33.51%,821,27.87%,20.45%,14.32%,21.12%,77.37%,9.43%,0.2843,1
2512,"$42,167",516,828,909,161,56,0.4715,66.77%,61.92%,9.00%,38.49%,740,41.51%,44.12%,23.88%,77.35%,70.81%,16.70%,0.4573,2
2513,"$34,637",744,1054,936,132,65,0.4444,68.66%,43.24%,6.60%,31.62%,883,20.09%,34.27%,22.88%,50.78%,73.24%,6.53%,0.3463,2
2514,"$46,175",620,949,660,205,105,0.4603,78.68%,30.05%,2.59%,47.71%,682,48.58%,40.56%,16.34%,19.17%,85.76%,31.86%,0.4038,2
2515,"$43,215",690,1169,966,253,88,0.4661,88.68%,34.05%,1.84%,46.71%,1054,42.89%,42.07%,7.04%,28.78%,88.27%,30.29%,0.3989,2
2516,"$38,017",735,760,551,58,20,0.3992,78.43%,42.57%,5.12%,45.57%,710,30.82%,16.53%,16.63%,49.42%,76.55%,27.79%,0.3629,2
2517,"$44,363",322,305,151,78,41,0.4241,61.59%,43.81%,14.47%,45.34%,317,45.34%,24.14%,28.00%,51.87%,66.46%,26.99%,0.4047,2
2518,"$35,030",896,1136,701,118,72,0.4176,79.92%,26.65%,1.02%,36.67%,1089,21.23%,21.08%,15.22%,12.62%,94.16%,13.54%,0.2964,1
2519,"$23,819",922,1191,810,177,99,0.4337,74.04%,22.92%,3.21%,48.48%,1107,3.36%,29.33%,19.76%,7.39%,82.51%,34.39%,0.2946,1
2520,"$27,935",1055,1062,865,279,110,0.4414,80.65%,15.47%,3.28%,50.02%,925,9.08%,32.76%,14.54%,2.75%,82.08%,36.75%,0.2966,1
2521.01,"$30,896",362,291,242,80,85,0.4557,58.33%,25.30%,6.38%,37.57%,252,13.42%,38.32%,30.43%,10.56%,73.98%,15.05%,0.3029,1
2521.02,"$33,637",1564,1345,789,326,60,0.4028,82.76%,34.92%,2.12%,67.15%,1288,17.99%,18.83%,11.30%,30.51%,86.91%,81.83%,0.4123,2
2522.01,"$25,593",508,696,551,118,24,0.437,80.00%,41.23%,1.50%,58.40%,378,4.92%,30.95%,14.97%,46.25%,90.67%,62.69%,0.4174,2
2522.02,"$54,004",735,1320,730,186,69,0.4378,80.80%,30.22%,0.34%,62.22%,992,62.20%,31.47%,14.09%,20.00%,97.29%,73.00%,0.4967,3
2601,"$10,671",274,434,111,20,47,0.4041,100.00%,21.13%,0.97%,46.23%,218,0.06%,18.93%,1.40%,5.39%,94.94%,29.08%,0.2497,1
2602,"$35,291",70,265,117,6,0,0.4258,92.86%,29.65%,0.00%,34.03%,172,21.66%,25.15%,3.89%,18.36%,100.00%,10.06%,0.2985,1
2603,"$24,754",144,375,239,46,33,0.4683,100.00%,24.74%,0.22%,35.45%,317,3.65%,42.83%,1.40%,9.69%,97.55%,12.17%,0.2788,1
2604,"$38,192",286,285,154,80,5,0.4106,66.00%,28.67%,0.24%,37.13%,267,32.27%,20.00%,24.45%,15.66%,97.47%,14.04%,0.3398,1
2605,"$33,577",423,315,258,44,0,0.3852,72.83%,30.66%,0.00%,67.13%,403,17.69%,13.85%,21.03%,21.21%,100.00%,81.53%,0.4255,2
2606,"$25,358",248,389,402,94,57,0.4862,82.94%,31.11%,0.67%,62.72%,454,4.83%,49.65%,11.01%,21.80%,96.29%,74.07%,0.4294,2
2607,"$27,912",210,546,271,28,6,0.4254,92.02%,29.39%,1.63%,52.94%,388,8.86%,24.99%,4.60%,17.54%,89.70%,46.76%,0.3207,1
2608,"$33,081",396,651,339,83,7,0.4176,100.00%,23.54%,8.99%,44.23%,509,16.65%,21.19%,1.40%,8.23%,70.93%,25.69%,0.2402,1
2609,"$29,742",219,293,220,50,1,0.4266,92.90%,28.74%,0.57%,69.73%,381,11.83%,26.09%,3.85%,15.93%,96.55%,85.00%,0.3987,2
2610,"$32,847",289,404,769,98,10,0.4899,67.57%,39.32%,3.10%,62.28%,507,16.04%,50.81%,23.36%,42.39%,83.40%,73.52%,0.4825,3
2705,"$25,057",384,188,230,185,16,0.4526,75.89%,11.58%,5.80%,66.40%,334,3.97%,36.98%,18.17%,0.79%,74.66%,80.08%,0.3577,2
2712,"$42,910",216,278,248,0,16,0.4211,20.48%,30.29%,4.41%,63.11%,271,42.26%,22.39%,84.67%,20.13%,78.71%,74.94%,0.5385,3
2713,"$14,869",209,188,127,48,33,0.4374,71.22%,21.29%,5.99%,62.97%,254,0.55%,31.11%,21.82%,5.71%,74.45%,74.38%,0.3467,2
2714,"$38,055",139,418,386,89,38,0.5007,85.45%,26.95%,4.49%,62.97%,355,31.21%,54.76%,8.92%,13.03%,78.58%,74.38%,0.4348,2
2715,"$45,886",93,434,249,93,92,0.5286,61.45%,41.13%,3.19%,69.87%,299,48.25%,62.50%,28.07%,46.04%,82.87%,85.14%,0.5881,3
2718,"$32,755",61,274,120,61,0,0.4702,93.92%,20.95%,0.00%,55.47%,205,15.71%,43.52%,2.78%,5.17%,100.00%,53.31%,0.3675,2
2801,"$202,625",40,239,621,1914,1874,0.8279,30.17%,54.48%,16.07%,75.47%,171,99.41%,98.80%,69.26%,69.26%,65.28%,93.15%,0.8253,4
2804,"$61,302",105,231,414,161,85,0.5779,81.64%,24.24%,6.79%,42.31%,308,70.96%,76.61%,12.81%,9.12%,72.55%,23.43%,0.4425,2
2808,"$104,993",228,164,135,52,3,0.4069,63.55%,24.36%,3.58%,63.19%,215,93.16%,19.73%,26.53%,9.17%,80.88%,74.98%,0.5074,3
2809,"$11,160",134,213,109,44,34,0.4618,100.00%,24.39%,2.44%,50.61%,318,0.33%,41.21%,1.40%,9.24%,86.26%,38.37%,0.2947,1
2819,"$95,314",48,173,275,1717,1581,0.843,47.00%,28.33%,31.77%,67.26%,124,91.15%,99.42%,41.67%,14.39%,53.82%,81.86%,0.6372,3
2827,"$49,213",415,408,251,373,187,0.5399,70.00%,44.49%,41.07%,55.47%,400,53.12%,66.76%,22.17%,52.85%,46.56%,53.31%,0.4913,3
2828,"$48,401",36,258,215,348,378,0.7253,11.96%,37.89%,34.60%,53.47%,191,52.27%,93.10%,94.90%,38.26%,50.98%,47.97%,0.6291,3
2831,"$79,181",37,239,473,553,570,0.7474,79.26%,13.43%,30.47%,32.71%,275,84.25%,94.07%,15.62%,2.01%,55.61%,8.22%,0.433,2
2832,"$106,433",158,75,161,324,320,0.7104,43.43%,44.73%,30.57%,32.71%,221,93.29%,92.37%,45.40%,53.25%,55.41%,8.22%,0.5799,3
2838,"$81,931",263,464,549,740,530,0.6636,65.31%,44.15%,16.37%,32.71%,405,85.40%,89.52%,25.34%,52.19%,65.01%,8.22%,0.5428,3
2909,"$27,780",772,871,821,245,23,0.4445,86.46%,31.48%,2.08%,39.82%,1102,8.47%,34.52%,8.12%,22.53%,87.54%,19.81%,0.3016,1
2912,"$20,284",272,390,359,99,92,0.4926,79.78%,25.30%,0.00%,21.93%,618,2.60%,52.52%,15.36%,10.70%,100.00%,0.48%,0.3028,1
2916,"$27,348",315,72,62,67,15,0.3721,85.09%,28.62%,69.89%,51.89%,200,7.21%,11.38%,9.15%,15.48%,26.00%,43.47%,0.1878,1
2922,"$31,548",452,672,378,157,55,0.4473,92.51%,29.39%,3.05%,25.64%,645,13.67%,35.27%,4.40%,17.68%,83.85%,1.23%,0.2602,1
2924,"$35,036",295,502,409,54,10,0.4397,85.53%,25.24%,0.05%,33.06%,498,21.34%,32.32%,8.60%,10.50%,98.19%,8.54%,0.2992,1
2925,"$29,631",621,859,749,170,44,0.4491,74.04%,37.67%,0.00%,33.74%,837,11.56%,35.98%,19.76%,37.40%,100.00%,9.89%,0.3576,2
3005,"$33,825",956,486,364,55,19,0.3548,51.00%,28.34%,93.85%,53.36%,673,18.25%,7.48%,37.53%,14.55%,1.50%,47.22%,0.2109,1
3006,"$37,180",945,403,392,56,12,0.3552,32.78%,38.53%,72.09%,56.62%,728,27.46%,7.65%,60.77%,39.69%,23.98%,57.26%,0.3614,2
3007,"$38,031",1589,702,391,139,77,0.3524,50.35%,27.21%,90.27%,58.75%,1345,31.13%,7.01%,38.19%,13.45%,3.20%,63.36%,0.2606,1
3008,"$29,033",1574,519,281,76,0,0.3069,31.00%,28.74%,96.27%,44.74%,1192,11.09%,0.68%,66.83%,16.20%,0.54%,26.53%,0.2031,1
3009,"$25,275",1358,786,343,123,21,0.3463,58.96%,25.89%,90.79%,46.36%,1310,4.29%,5.61%,29.67%,11.73%,2.77%,29.38%,0.1391,1
3011,"$36,012",757,334,132,101,35,0.3532,41.73%,23.67%,83.91%,50.04%,617,23.61%,7.33%,47.34%,8.37%,9.66%,37.18%,0.2225,1
3012,"$35,321",1423,434,233,168,51,0.3393,30.73%,29.00%,86.51%,51.42%,962,21.88%,3.50%,67.56%,16.80%,7.51%,41.22%,0.2641,1
3016,"$31,942",1633,610,515,58,14,0.3322,36.92%,39.46%,96.44%,54.10%,1157,14.52%,2.76%,55.38%,42.85%,0.27%,49.84%,0.276,1
3017.01,"$44,438",1342,665,256,262,2,0.356,26.71%,32.18%,94.71%,51.67%,886,45.55%,7.96%,74.03%,24.47%,1.28%,42.54%,0.3264,1
3017.02,"$36,748",1455,575,133,31,0,0.2851,30.43%,38.57%,95.05%,52.09%,989,25.91%,0.23%,68.68%,39.92%,0.77%,43.70%,0.2987,1
3018.01,"$35,278",1271,572,233,120,13,0.3313,24.46%,39.30%,94.72%,55.57%,949,21.62%,2.50%,77.56%,42.27%,1.08%,53.63%,0.3311,1
3018.02,"$31,969",1427,318,161,36,61,0.2991,21.57%,33.37%,89.63%,50.62%,793,14.70%,0.41%,82.81%,26.92%,3.82%,38.76%,0.279,1
3018.03,"$31,797",1886,687,349,112,16,0.317,51.02%,39.05%,89.72%,56.42%,1354,14.25%,1.27%,37.37%,41.48%,3.64%,56.76%,0.258,1
3102,"$78,643",179,219,182,275,253,0.6368,70.15%,34.20%,39.05%,60.42%,185,83.80%,86.52%,22.08%,29.02%,48.17%,67.30%,0.5615,3
3103,"$62,864",214,167,248,369,118,0.6018,42.48%,27.70%,55.92%,56.18%,249,73.14%,80.93%,46.74%,13.84%,36.48%,55.93%,0.5118,3
3104,"$37,210",380,235,126,179,87,0.4725,62.79%,32.85%,71.45%,51.46%,272,27.68%,44.61%,27.58%,25.35%,24.58%,41.83%,0.3194,1
3105,"$37,622",699,455,74,50,42,0.3395,39.06%,29.77%,94.90%,47.78%,398,28.92%,3.59%,51.41%,18.45%,0.86%,31.95%,0.2253,1
3106,"$49,603",1513,1026,838,497,213,0.4469,31.51%,18.63%,65.57%,53.44%,995,54.01%,35.13%,65.22%,4.00%,28.81%,47.93%,0.3918,2
3107,"$38,394",533,258,202,154,67,0.4293,27.07%,22.14%,84.68%,50.62%,344,32.48%,27.57%,73.54%,6.30%,8.93%,38.58%,0.3123,1
3108,"$40,094",1463,774,273,277,117,0.3804,50.12%,24.16%,81.19%,52.10%,981,37.82%,13.18%,38.41%,8.85%,12.66%,43.92%,0.2581,1
3109,"$34,330",1570,570,522,286,95,0.3874,38.96%,25.78%,80.98%,48.87%,1038,19.45%,14.34%,51.85%,11.34%,13.14%,34.91%,0.2417,1
3201,"$140,746",2,325,1154,3947,4325,0.8516,13.58%,39.54%,25.76%,77.61%,478,97.06%,99.74%,92.61%,42.96%,59.03%,94.29%,0.8095,4
3204,"$122,786",20,37,83,176,277,0.8202,0.00%,62.28%,15.70%,73.87%,25,95.36%,98.42%,100.00%,77.59%,65.55%,91.22%,0.8802,4
3206,"$178,069",105,346,560,1305,1293,0.7848,37.00%,44.89%,21.57%,73.87%,166,98.78%,96.88%,54.80%,53.80%,61.54%,91.22%,0.7617,4
3301,"$140,036",1213,1385,2184,5298,5052,0.7532,33.62%,50.29%,26.03%,58.99%,1299,96.59%,94.68%,58.78%,62.90%,58.90%,64.36%,0.727,4
3302,"$109,018",218,189,651,634,1082,0.7567,30.50%,60.99%,23.54%,54.47%,559,93.73%,95.11%,68.45%,76.39%,60.85%,50.70%,0.742,4
3403,"$36,364",403,391,153,110,103,0.4481,25.00%,45.25%,73.20%,75.38%,188,24.11%,35.44%,76.94%,54.07%,22.41%,92.93%,0.5099,3
3404,"$43,271",334,439,192,217,53,0.473,30.41%,35.05%,74.36%,75.38%,218,42.94%,44.66%,68.73%,31.07%,21.39%,92.93%,0.5029,3
3405,"$64,330",419,469,239,191,85,0.4651,76.23%,25.33%,49.16%,75.38%,107,75.03%,41.48%,17.98%,10.76%,41.14%,92.93%,0.4655,2
3406,"$16,210",174,148,91,3,2,0.366,100.00%,0.68%,2.48%,37.70%,132,0.90%,10.14%,1.40%,0.03%,86.09%,15.08%,0.1894,1
3501,"$67,212",84,181,409,631,461,0.7364,43.33%,1.82%,35.98%,43.79%,77,77.53%,93.51%,45.61%,0.06%,50.36%,25.28%,0.4873,3
3504,"$10,289",37,52,74,0,0,0.4454,100.00%,0.88%,14.18%,43.79%,63,0.01%,34.53%,1.40%,0.04%,66.58%,25.28%,0.2131,1
3510,"$51,014",49,398,668,518,651,0.7159,60.28%,16.48%,27.31%,58.16%,215,57.02%,92.60%,29.06%,3.00%,57.58%,62.26%,0.5025,3
3511,"$15,205",196,493,291,50,12,0.4443,97.94%,4.85%,1.00%,29.48%,562,0.74%,34.06%,1.77%,0.24%,94.64%,3.49%,0.2249,1
3514,"$15,118",251,280,296,26,21,0.4366,100.00%,10.39%,12.84%,45.72%,232,0.61%,30.86%,1.40%,0.52%,67.55%,27.84%,0.2147,1
3515,"$50,750",6,28,42,112,0,0.6766,100.00%,30.40%,47.49%,36.77%,51,56.46%,90.01%,1.40%,20.31%,41.85%,13.60%,0.3727,2
3602,"$32,342",322,276,313,135,49,0.4745,95.60%,20.33%,6.58%,27.91%,466,15.15%,45.28%,2.29%,5.10%,73.63%,2.70%,0.2403,1
3801,"$74,749",354,356,437,258,180,0.5437,61.26%,30.28%,0.05%,26.13%,311,81.91%,67.80%,28.21%,20.07%,98.26%,1.34%,0.496,3
3802,"$24,470",315,304,423,176,111,0.5193,27.27%,13.82%,2.36%,26.13%,161,3.49%,60.50%,73.25%,2.40%,86.29%,1.34%,0.3788,2
3805,"$45,031",24,100,253,14,0,0.5315,100.00%,3.64%,3.19%,36.77%,207,46.68%,63.51%,1.40%,0.11%,82.87%,13.60%,0.347,2
3807,"$19,170",181,327,337,44,44,0.4806,37.71%,22.44%,1.01%,38.94%,178,2.24%,47.65%,53.95%,6.64%,94.36%,17.44%,0.3705,2
3812,"$43,863",234,272,548,242,178,0.5807,77.98%,24.42%,6.22%,34.77%,417,44.69%,77.28%,17.08%,9.47%,74.07%,11.31%,0.3898,2
3814,"$27,362",96,359,325,155,83,0.5548,94.84%,28.06%,4.61%,37.22%,388,7.30%,71.32%,2.60%,13.93%,78.46%,14.13%,0.3129,1
3815,"$32,767",15,43,94,7,0,0.517,100.00%,39.13%,0.00%,43.29%,43,15.72%,59.78%,1.40%,41.49%,100.00%,25.05%,0.4057,2
3818,"$86,931",144,177,212,160,77,0.5608,53.85%,25.48%,6.02%,32.52%,187,88.78%,73.47%,34.52%,11.07%,74.28%,7.64%,0.4829,3
3819,"$51,694",128,131,244,101,133,0.5946,92.72%,35.47%,9.04%,32.52%,229,58.33%,79.82%,3.95%,31.64%,70.64%,7.64%,0.42,2
3901,"$73,000",194,206,277,138,138,0.5622,55.56%,40.70%,3.83%,30.52%,311,80.99%,74.22%,33.00%,44.77%,80.25%,4.88%,0.5302,3
3902,"$107,919",72,176,273,340,272,0.6996,47.64%,54.16%,8.95%,30.09%,332,93.41%,91.68%,40.38%,68.89%,71.07%,4.33%,0.6163,3
3903,"$43,774",350,509,578,235,173,0.5319,77.75%,13.77%,9.51%,28.75%,477,44.46%,63.74%,17.19%,2.37%,70.04%,3.21%,0.335,1
3904,"$28,146",517,467,705,220,316,0.5417,84.90%,24.44%,3.30%,32.89%,478,9.33%,67.01%,9.57%,9.58%,81.79%,8.43%,0.3095,1
3905,"$104,698",154,204,179,167,416,0.687,39.17%,29.47%,15.22%,46.44%,238,93.03%,90.89%,51.12%,17.85%,65.77%,29.44%,0.5802,3
3906,"$113,306",41,50,198,294,634,0.835,46.12%,44.92%,15.90%,51.83%,274,94.27%,99.11%,42.59%,53.86%,65.40%,43.05%,0.6638,4
3907,"$85,583",164,256,889,1195,1712,0.7914,22.83%,33.22%,30.38%,51.83%,401,88.24%,97.25%,79.76%,26.24%,55.70%,43.14%,0.6505,4
4003,"$75,656",176,189,312,131,60,0.5332,51.40%,24.07%,1.98%,33.73%,351,82.25%,63.93%,36.89%,8.61%,88.03%,9.70%,0.4823,3
4004,"$27,891",191,387,332,58,121,0.5139,89.89%,23.30%,2.98%,30.29%,420,8.78%,58.25%,6.00%,8.11%,84.65%,4.43%,0.2837,1
4005,"$30,790",375,415,306,106,57,0.4499,100.00%,13.07%,2.68%,29.69%,541,13.26%,36.55%,1.40%,1.79%,85.31%,3.84%,0.2369,1
4008,"$20,131",514,336,538,65,6,0.4236,89.83%,6.43%,1.55%,29.72%,666,2.46%,23.54%,6.16%,0.39%,90.39%,4.08%,0.2117,1
4101,"$98,917",120,225,294,482,464,0.7192,30.00%,25.33%,29.45%,53.37%,136,91.90%,92.76%,69.65%,10.73%,56.40%,47.26%,0.6145,3
4102,"$140,190",0,114,110,409,462,0.8226,28.46%,20.61%,31.78%,51.83%,99,96.62%,98.54%,71.10%,5.12%,53.79%,42.98%,0.6136,3
4105,"$106,334",77,282,510,415,568,0.7204,44.82%,34.80%,10.83%,35.56%,280,93.24%,92.94%,43.77%,30.19%,69.13%,12.30%,0.5693,3
4106,"$112,059",53,213,293,482,651,0.7732,12.77%,37.87%,19.02%,44.97%,232,94.16%,96.30%,93.89%,38.18%,62.86%,26.64%,0.6867,4
4107,"$115,188",137,42,340,408,692,0.7823,45.85%,29.84%,31.94%,58.77%,177,94.59%,96.78%,42.64%,19.01%,53.77%,63.40%,0.617,3
4108,"$69,800",167,160,421,437,860,0.7626,64.23%,34.68%,21.54%,58.82%,166,79.85%,95.48%,26.43%,29.73%,61.57%,63.44%,0.5942,3
4109,"$77,245",83,134,367,787,1066,0.8149,42.86%,41.68%,26.66%,54.47%,262,82.76%,98.14%,46.37%,47.42%,58.29%,50.76%,0.6396,3
4110,"$99,084",107,187,374,665,1195,0.81,26.29%,40.18%,21.97%,54.58%,127,91.93%,97.94%,74.47%,44.16%,61.40%,50.95%,0.7014,4
4111,"$142,188",0,15,218,344,928,0.8904,22.93%,50.54%,31.66%,59.08%,234,97.18%,100.00%,79.67%,63.26%,53.88%,65.20%,0.7653,4
4112,"$170,435",50,142,63,222,740,0.8399,2.01%,51.77%,32.41%,60.18%,220,98.64%,99.31%,98.82%,65.30%,53.23%,67.11%,0.804,4
4201,"$29,958",147,179,519,60,67,0.5426,80.99%,8.91%,4.43%,45.87%,324,11.90%,67.38%,13.54%,0.47%,78.65%,28.34%,0.3338,1
4202,"$54,847",203,185,273,281,235,0.6272,54.08%,21.11%,9.91%,45.87%,236,63.77%,85.35%,34.22%,5.34%,69.68%,28.34%,0.4778,2
4203,"$82,945",41,234,298,231,197,0.6617,57.72%,26.45%,22.78%,34.24%,261,85.77%,89.23%,30.77%,12.30%,61.13%,10.50%,0.4828,3
4204,"$36,681",124,133,249,151,197,0.6384,54.48%,13.27%,33.25%,34.24%,189,25.37%,86.56%,34.17%,1.95%,52.58%,10.50%,0.3519,2
4205,"$26,010",266,546,369,126,51,0.4748,91.08%,13.25%,7.42%,34.24%,503,5.46%,45.61%,4.84%,1.91%,71.86%,10.50%,0.2336,1
4206,"$28,551",405,181,430,199,114,0.5151,76.16%,15.57%,1.33%,34.24%,507,10.06%,58.87%,18.09%,2.88%,91.17%,10.50%,0.3193,1
4207,"$28,184",328,685,589,179,76,0.4912,80.88%,26.41%,5.13%,25.37%,631,9.48%,51.83%,13.81%,12.18%,76.19%,1.08%,0.2743,1
4208,"$28,124",278,285,393,126,48,0.4904,75.25%,26.36%,3.88%,26.33%,437,9.22%,51.41%,18.36%,12.03%,80.09%,1.44%,0.2876,1
4212,"$37,652",276,240,299,67,4,0.4381,37.50%,30.47%,3.79%,24.66%,269,28.98%,31.74%,54.59%,20.70%,80.31%,0.94%,0.3621,2
4301.01,"$34,308",344,389,926,215,340,0.5836,90.45%,18.75%,1.01%,41.79%,664,19.21%,77.72%,5.05%,4.15%,94.51%,22.37%,0.3717,2
4301.02,"$47,754",228,440,769,480,112,0.5811,61.39%,16.75%,12.07%,41.79%,304,51.68%,77.35%,28.14%,3.07%,68.22%,22.37%,0.418,2
4302,"$52,212",545,641,1402,431,232,0.5486,81.27%,24.24%,4.41%,27.32%,883,59.81%,69.46%,13.47%,9.05%,78.92%,2.23%,0.3882,2
4303,"$37,775",162,448,438,157,47,0.5168,83.07%,19.86%,3.02%,27.06%,430,29.08%,59.53%,10.32%,4.58%,84.09%,1.81%,0.3157,1
4304,"$30,781",445,449,705,101,147,0.4978,89.29%,37.02%,9.39%,41.89%,552,13.14%,53.79%,6.52%,35.04%,70.38%,22.50%,0.3356,1
4305,"$27,860",420,584,867,191,154,0.5165,78.63%,12.76%,5.86%,36.59%,582,8.68%,59.43%,16.47%,1.07%,74.58%,13.24%,0.2891,1
4306,"$45,296",106,262,432,180,139,0.5971,86.60%,35.96%,1.13%,36.63%,242,46.94%,80.20%,7.79%,32.62%,92.82%,13.29%,0.4561,2
4307,"$25,747",233,339,846,215,339,0.6089,95.31%,22.73%,7.22%,52.30%,360,5.00%,82.32%,2.37%,6.87%,72.04%,44.25%,0.3548,2
4308,"$35,250",100,281,413,209,123,0.5954,83.05%,39.17%,1.12%,36.59%,250,21.40%,79.88%,10.38%,41.61%,92.87%,13.24%,0.4323,2
4309,"$36,073",189,255,370,216,51,0.5417,48.21%,32.54%,2.10%,36.59%,278,23.68%,67.07%,40.19%,24.99%,87.18%,13.24%,0.4272,2
4312,"$69,311",277,362,742,361,295,0.6034,63.38%,65.77%,4.98%,32.55%,458,79.49%,81.19%,26.69%,81.26%,77.05%,8.00%,0.5895,3
4313.01,"$32,515",347,673,744,219,118,0.5132,73.28%,21.14%,7.19%,31.02%,794,15.33%,58.05%,20.89%,5.57%,72.22%,5.82%,0.2965,1
4313.02,"$34,625",491,642,1016,264,15,0.4904,84.12%,13.00%,1.15%,39.15%,767,19.88%,51.59%,9.97%,1.67%,92.59%,18.28%,0.3233,1
4314,"$33,448",688,1272,1609,765,355,0.55,82.54%,22.28%,6.03%,62.48%,725,17.60%,69.78%,11.77%,6.59%,74.24%,73.96%,0.4232,2
4401.01,"$28,643",522,910,700,174,103,0.4693,81.80%,12.00%,1.19%,37.52%,639,10.40%,43.30%,12.74%,0.93%,92.41%,14.99%,0.2913,1
4401.02,"$31,709",404,671,855,233,79,0.5029,80.95%,21.62%,0.26%,38.41%,518,13.94%,55.55%,13.66%,5.83%,97.41%,16.05%,0.3374,1
4402.01,"$40,055",449,848,1318,537,283,0.5626,85.37%,19.45%,0.21%,54.26%,802,37.60%,74.40%,9.10%,4.48%,97.73%,50.02%,0.4556,2
4402.02,"$33,341",293,396,956,402,148,0.5741,74.56%,38.69%,6.56%,56.38%,314,17.23%,75.92%,18.78%,39.99%,73.70%,56.31%,0.4699,2
4403,"$54,308",379,743,1070,602,473,0.6029,52.53%,56.98%,0.90%,39.50%,580,62.72%,81.08%,36.23%,72.19%,95.32%,19.00%,0.6109,3
4406,"$68,478",131,353,491,320,174,0.6072,34.38%,81.93%,0.00%,43.78%,338,78.84%,82.21%,57.83%,93.33%,100.00%,25.25%,0.7291,4
4407,"$70,169",80,300,408,139,55,0.557,69.44%,66.12%,1.66%,51.25%,203,80.04%,72.43%,22.27%,81.80%,89.36%,40.69%,0.6443,3
4408,"$29,671",93,304,489,135,84,0.5662,93.27%,27.40%,0.86%,47.13%,321,11.74%,74.52%,3.63%,13.61%,95.39%,30.72%,0.3827,2
4409,"$57,381",201,553,593,169,127,0.5352,66.67%,54.21%,2.30%,49.24%,484,67.23%,64.86%,24.09%,69.00%,86.41%,35.80%,0.579,3
4503,"$61,038",256,705,948,346,161,0.5546,66.84%,65.01%,4.78%,47.66%,542,70.73%,71.23%,23.71%,80.07%,78.04%,31.64%,0.5924,3
4601,"$36,962",362,776,717,211,110,0.5017,66.27%,39.41%,31.44%,39.01%,647,27.14%,55.00%,24.24%,42.58%,54.60%,17.66%,0.3687,2
4602,"$40,756",465,491,318,90,31,0.4181,35.31%,35.80%,43.79%,35.44%,539,38.88%,21.40%,56.94%,32.48%,44.29%,12.10%,0.3435,1
4603.01,"$38,579",695,326,602,321,0,0.4565,52.39%,46.88%,33.75%,44.38%,685,33.22%,38.66%,36.38%,57.70%,51.77%,25.84%,0.406,2
4603.02,"$25,354",744,681,602,169,72,0.4363,64.40%,40.38%,14.15%,42.25%,807,4.57%,30.81%,26.17%,44.56%,66.76%,23.36%,0.3271,1
4604,"$61,870",313,701,917,368,226,0.5598,74.54%,49.37%,5.04%,48.36%,628,71.70%,73.43%,18.92%,61.35%,76.70%,33.83%,0.5599,3
4605,"$56,788",715,905,1545,657,339,0.5519,60.32%,57.61%,5.12%,35.38%,895,66.35%,70.49%,29.01%,72.64%,76.39%,11.97%,0.5448,3
4606,"$36,075",112,238,227,66,2,0.4784,82.54%,42.86%,26.04%,38.08%,228,23.73%,47.19%,11.77%,50.19%,58.54%,15.62%,0.3451,2
4607,"$18,354",673,464,382,107,27,0.4005,60.70%,18.33%,48.84%,38.84%,917,2.07%,17.18%,28.62%,3.55%,41.35%,17.40%,0.1836,1
4610,"$29,001",418,319,240,50,32,0.4034,60.82%,13.45%,36.49%,39.05%,214,10.82%,18.88%,28.32%,2.06%,50.28%,18.00%,0.2139,1
4701,"$38,218",282,645,733,133,109,0.5098,90.27%,51.46%,2.93%,50.61%,572,32.40%,56.88%,5.18%,64.63%,84.91%,38.50%,0.4708,2
4801,"$66,284",124,370,451,333,284,0.6362,73.58%,79.06%,0.52%,50.97%,217,77.47%,86.34%,20.27%,91.54%,96.60%,40.00%,0.687,4
4802,"$43,626",128,152,405,124,69,0.5667,46.53%,51.88%,0.00%,54.77%,174,44.06%,74.56%,41.96%,65.52%,100.00%,51.53%,0.6294,3
4803,"$39,526",134,151,285,199,148,0.6166,66.05%,59.88%,3.72%,53.93%,221,35.98%,83.37%,24.39%,75.55%,80.78%,49.10%,0.5819,3
4804,"$62,224",375,965,1742,485,879,0.6238,53.70%,84.51%,8.04%,51.32%,793,72.35%,84.60%,34.84%,95.27%,71.52%,41.00%,0.666,4
4805,"$52,999",226,522,892,341,112,0.5609,56.71%,73.39%,12.93%,43.80%,548,61.70%,73.60%,31.96%,85.51%,67.41%,25.41%,0.576,3
4903,"$50,341",219,355,429,362,311,0.6228,66.97%,76.42%,1.08%,43.78%,339,55.33%,84.24%,23.58%,89.20%,93.42%,25.25%,0.6184,3
4904,"$64,748",90,184,318,151,36,0.5638,31.31%,70.33%,0.73%,43.78%,205,75.36%,74.45%,65.65%,83.94%,95.94%,25.25%,0.701,4
4905,"$50,862",136,245,576,236,197,0.6163,57.22%,76.74%,3.75%,38.27%,247,56.51%,83.20%,31.37%,89.50%,80.73%,15.67%,0.595,3
4906,"$44,035",141,208,427,194,45,0.5594,63.51%,79.71%,3.28%,45.90%,242,44.88%,73.29%,26.58%,91.92%,82.14%,28.83%,0.5794,3
4907,"$55,905",370,608,812,246,60,0.5063,41.70%,74.95%,0.20%,35.15%,551,64.85%,56.23%,47.46%,86.94%,98.08%,11.62%,0.6086,3
4908,"$49,500",586,716,890,328,169,0.5091,71.91%,65.43%,1.65%,37.27%,648,53.78%,56.74%,21.41%,80.53%,89.61%,14.28%,0.5273,3
4909.01,"$36,468",421,804,773,242,117,0.5007,82.70%,34.37%,2.67%,41.33%,612,24.41%,54.68%,11.44%,29.38%,85.53%,21.18%,0.3777,2
4909.02,"$49,173",478,840,1381,407,303,0.5541,49.28%,60.90%,1.21%,38.73%,812,52.94%,71.11%,39.38%,76.15%,92.27%,17.06%,0.5815,3
4910,"$34,130",608,1171,985,134,73,0.4582,82.97%,49.60%,0.00%,32.53%,1100,18.84%,40.09%,10.90%,61.67%,100.00%,7.89%,0.399,2
4911,"$51,143",589,850,984,398,248,0.5261,56.96%,81.56%,0.68%,57.38%,653,57.42%,62.16%,31.70%,92.84%,96.18%,59.84%,0.6669,4
4912,"$49,201",163,506,640,136,111,0.5391,93.43%,73.19%,2.45%,45.56%,405,53.03%,66.49%,3.56%,85.24%,86.18%,27.63%,0.5369,3
4913,"$30,375",397,446,735,86,60,0.48,71.20%,49.14%,0.51%,41.27%,629,12.49%,47.61%,21.97%,60.99%,96.74%,20.79%,0.4343,2
4914,"$43,776",281,558,692,191,118,0.5247,63.27%,26.15%,0.94%,47.39%,618,44.60%,62.01%,26.91%,11.93%,95.08%,31.29%,0.453,2
5001,"$55,157",224,718,1110,275,110,0.5449,71.86%,53.27%,1.06%,32.25%,563,63.98%,68.20%,21.54%,68.51%,93.55%,7.26%,0.5384,3
5002,"$25,346",204,248,406,156,39,0.5198,86.17%,32.89%,5.73%,31.04%,442,4.39%,60.60%,8.22%,25.45%,74.86%,5.92%,0.2991,1
5003,"$51,942",291,247,210,180,188,0.5511,79.66%,50.27%,24.97%,54.48%,241,58.68%,70.21%,15.42%,62.26%,59.78%,50.81%,0.5286,3
5101,"$36,858",634,680,490,107,72,0.4288,20.39%,61.06%,78.48%,58.06%,735,26.65%,26.67%,84.84%,76.56%,15.41%,62.19%,0.4872,3
5102,"$48,359",303,712,665,116,144,0.5058,93.66%,76.92%,13.66%,61.58%,526,52.23%,55.97%,3.38%,89.73%,67.08%,71.14%,0.5659,3
5103,"$37,933",556,800,1468,388,230,0.5382,64.32%,66.80%,3.15%,63.09%,945,29.89%,66.14%,26.39%,82.22%,83.19%,74.79%,0.6044,3
5201,"$39,064",487,438,294,59,26,0.4005,54.97%,54.40%,62.00%,49.04%,579,34.71%,16.97%,33.86%,69.14%,31.83%,35.47%,0.37,2
5202,"$32,535",928,615,449,118,14,0.3811,67.92%,41.95%,70.41%,49.33%,923,15.55%,13.39%,23.24%,47.75%,25.29%,36.01%,0.2687,1
5203,"$47,841",1429,1346,572,274,78,0.3959,22.78%,65.61%,83.16%,57.24%,1506,52.03%,16.10%,80.11%,81.06%,10.23%,59.13%,0.4978,3
5204,"$42,875",778,859,446,168,199,0.4491,38.71%,66.67%,75.81%,55.03%,855,42.19%,35.78%,52.21%,82.00%,19.22%,51.73%,0.4719,2
5205,"$64,801",593,1065,749,281,146,0.4816,13.64%,86.55%,52.58%,71.07%,766,75.81%,47.89%,92.50%,96.12%,39.26%,88.36%,0.7332,4
5206,"$51,996",683,449,432,138,48,0.4193,32.72%,81.08%,70.53%,73.85%,621,59.02%,21.91%,60.99%,92.65%,25.08%,91.09%,0.5846,3
5301,"$43,473",621,297,426,87,48,0.4166,53.16%,36.09%,36.67%,45.44%,527,43.59%,20.76%,35.45%,32.99%,49.98%,27.31%,0.3501,2
5302,"$33,253",767,1156,747,113,48,0.4247,85.50%,50.96%,1.10%,41.94%,1014,17.03%,24.45%,8.84%,63.91%,93.11%,22.88%,0.3837,2
5303,"$38,591",603,857,861,363,157,0.5024,64.53%,75.80%,1.80%,48.23%,755,33.39%,55.18%,25.99%,88.51%,88.58%,33.51%,0.542,3
5304,"$44,299",115,416,400,235,198,0.5978,57.80%,78.01%,3.76%,52.43%,416,45.04%,80.29%,30.71%,90.74%,80.67%,44.49%,0.6199,3
5305.01,"$39,192",806,691,1068,304,241,0.5024,73.61%,57.78%,1.26%,39.25%,1091,35.13%,55.43%,20.22%,73.27%,91.69%,18.53%,0.4905,3
5305.02,"$47,350",69,415,384,152,69,0.5517,70.59%,79.02%,7.87%,45.28%,309,50.61%,70.29%,22.04%,91.38%,71.59%,26.78%,0.5545,3
5305.03,"$63,393",451,959,1545,292,131,0.5226,53.05%,78.85%,0.20%,46.53%,963,73.38%,61.16%,35.70%,91.31%,97.95%,29.87%,0.649,4
5306,"$45,781",178,576,939,171,49,0.5307,79.32%,51.96%,1.80%,42.84%,597,48.18%,63.04%,15.55%,65.66%,88.41%,24.34%,0.5086,3
5401.01,"$17,360",334,614,492,165,39,0.4736,93.89%,12.94%,5.33%,32.47%,1239,1.30%,45.10%,3.07%,1.45%,76.04%,7.54%,0.2242,1
5401.02,"$23,780",537,585,559,61,0,0.4165,90.18%,22.96%,4.01%,30.85%,817,3.11%,20.64%,5.37%,7.57%,79.79%,5.46%,0.2032,1
5501,"$61,731",871,1514,1279,623,152,0.4951,39.35%,66.08%,38.79%,47.80%,1298,71.55%,53.07%,50.76%,81.76%,48.56%,32.24%,0.5632,3
5502,"$62,815",296,668,558,316,59,0.5129,37.76%,89.27%,34.56%,69.95%,497,73.09%,57.50%,53.91%,97.85%,51.09%,85.57%,0.6983,4
5601,"$40,680",341,205,359,178,57,0.4956,27.88%,67.68%,68.05%,35.06%,282,38.76%,53.14%,71.76%,82.59%,26.45%,11.50%,0.4737,2
5602,"$72,648",201,626,343,49,23,0.4498,39.33%,78.80%,4.98%,35.06%,314,80.92%,36.42%,50.83%,91.09%,77.12%,11.50%,0.5798,3
5603,"$52,999",541,716,496,305,16,0.4591,20.61%,91.92%,64.63%,55.43%,641,61.58%,40.23%,84.56%,99.28%,30.26%,53.17%,0.6151,3
5604,"$82,851",288,379,288,107,33,0.4572,21.55%,88.74%,60.13%,55.87%,305,85.71%,38.89%,82.88%,97.53%,32.98%,55.18%,0.6553,4
5607,"$59,380",578,744,516,244,104,0.4675,40.90%,64.66%,62.76%,72.98%,610,69.45%,42.46%,49.07%,79.84%,31.60%,90.57%,0.605,3
5608,"$84,273",444,1422,1067,587,236,0.5334,27.81%,75.81%,33.85%,69.88%,895,87.31%,64.13%,72.36%,88.72%,51.61%,85.35%,0.7491,4
5609,"$87,175",557,1243,1050,458,255,0.522,6.37%,89.92%,32.08%,65.42%,832,89.12%,60.93%,97.41%,98.55%,53.73%,78.86%,0.7977,4
5610,"$72,331",450,1195,1300,414,242,0.5335,23.78%,84.27%,31.27%,65.05%,817,80.85%,64.32%,78.35%,94.64%,55.02%,78.02%,0.752,4
5611,"$78,149",487,1551,992,608,223,0.5238,12.89%,87.59%,35.49%,64.50%,911,83.75%,61.72%,93.55%,96.71%,50.57%,77.40%,0.7728,4
5701,"$55,456",279,268,158,75,24,0.4251,19.05%,63.59%,73.34%,55.21%,233,64.65%,24.77%,86.73%,78.68%,22.30%,52.61%,0.5496,3
5702,"$50,554",433,330,148,102,82,0.4301,26.94%,74.66%,64.98%,55.21%,372,56.11%,27.81%,73.66%,86.33%,29.66%,52.61%,0.5436,3
5703,"$51,507",1166,1169,925,185,130,0.429,29.32%,56.02%,76.76%,55.21%,1337,57.88%,27.23%,70.63%,71.67%,17.33%,52.61%,0.4956,3
5704,"$41,175",265,374,108,115,25,0.4334,43.78%,45.49%,73.33%,55.21%,300,39.72%,28.83%,44.66%,54.49%,22.37%,52.61%,0.4045,2
5705,"$36,880",464,553,345,66,60,0.4259,58.09%,52.98%,82.06%,55.50%,459,26.75%,25.25%,30.62%,67.28%,11.78%,53.41%,0.3585,2
5801,"$40,775",720,431,346,283,15,0.4264,34.98%,52.08%,76.75%,61.53%,632,39.02%,25.71%,57.09%,65.80%,17.48%,71.02%,0.4602,2
5802,"$26,944",957,636,265,52,85,0.3666,49.55%,53.04%,79.17%,55.90%,829,6.80%,10.33%,39.09%,67.70%,14.75%,55.37%,0.3234,1
5803,"$39,865",777,473,141,87,12,0.3428,22.63%,55.93%,92.71%,52.63%,573,37.33%,3.90%,80.34%,71.36%,1.63%,44.91%,0.3991,2
5804,"$34,953",956,1024,421,289,85,0.4215,24.35%,48.04%,74.32%,53.43%,1132,20.78%,22.65%,77.82%,59.57%,21.65%,47.70%,0.4169,2
5805.01,"$43,016",1086,1222,334,316,50,0.402,30.69%,36.74%,81.19%,45.90%,1223,42.65%,18.53%,68.07%,34.43%,12.44%,28.77%,0.3415,1
5805.02,"$47,672",1091,802,559,452,42,0.4338,22.45%,42.19%,82.71%,54.06%,1284,51.47%,29.62%,80.93%,48.61%,10.78%,49.57%,0.4517,2
5806,"$38,602",1531,921,332,227,7,0.352,31.11%,40.89%,85.00%,52.73%,1418,34.08%,6.70%,66.47%,45.76%,8.57%,45.34%,0.3449,2
5807,"$38,927",1608,1018,567,195,28,0.3668,41.63%,47.94%,88.87%,52.92%,1528,34.57%,10.68%,47.81%,58.94%,4.48%,46.67%,0.3386,1
5808,"$38,527",562,428,162,61,5,0.3568,23.05%,45.12%,90.29%,51.29%,543,32.97%,8.41%,79.61%,54.03%,2.89%,40.82%,0.3645,2
5905,"$58,739",269,388,372,136,132,0.5189,27.23%,50.28%,61.83%,45.12%,318,68.77%,60.46%,73.32%,62.60%,31.90%,26.71%,0.5396,3
5906,"$52,959",583,890,568,187,96,0.4557,28.00%,45.56%,60.92%,54.36%,818,61.43%,38.50%,71.70%,54.73%,32.40%,50.30%,0.5151,3
5907,"$46,896",695,566,386,100,95,0.4191,47.18%,43.94%,70.24%,54.64%,735,50.37%,21.68%,41.64%,52.04%,25.46%,51.21%,0.404,2
6004,"$50,168",814,996,380,404,178,0.4655,23.12%,36.57%,66.60%,77.87%,532,55.20%,41.71%,79.46%,33.75%,28.33%,94.89%,0.5556,3
6006,"$36,339",590,724,273,178,103,0.4373,62.84%,46.04%,68.52%,50.58%,433,24.07%,31.05%,27.52%,55.11%,26.33%,38.30%,0.3373,1
6007,"$51,845",847,610,392,176,0,0.3898,22.17%,42.37%,60.06%,50.58%,412,58.62%,14.50%,81.71%,49.04%,33.08%,38.30%,0.4587,2
6009,"$56,181",636,825,442,434,283,0.5163,42.71%,33.60%,55.22%,48.46%,584,65.96%,59.30%,46.60%,27.40%,37.29%,34.14%,0.4511,2
6103,"$32,879",1744,794,396,64,140,0.349,40.00%,31.65%,82.64%,50.76%,1448,16.37%,5.94%,50.17%,23.19%,11.24%,39.09%,0.2433,1
6104,"$25,355",701,539,95,35,0,0.3218,32.43%,25.11%,85.20%,47.34%,667,4.73%,1.75%,61.86%,10.39%,8.24%,31.14%,0.1968,1
6108,"$104,138",93,462,241,90,66,0.5105,12.50%,61.82%,6.40%,46.49%,250,92.51%,56.93%,94.21%,77.00%,73.81%,29.65%,0.7069,4
6110,"$18,400",240,200,200,31,18,0.4221,50.00%,37.93%,39.95%,33.47%,300,2.20%,22.72%,38.48%,38.39%,47.88%,9.19%,0.2648,1
6111,"$30,161",996,420,253,50,7,0.3279,56.12%,34.49%,76.68%,45.72%,744,12.28%,1.92%,32.31%,29.55%,17.65%,28.01%,0.2029,1
6112,"$37,941",824,454,147,84,11,0.3374,31.64%,29.50%,69.91%,46.61%,804,30.07%,3.08%,64.89%,18.04%,25.96%,30.05%,0.2868,1
6113,"$40,252",1075,545,423,155,0,0.3689,33.47%,36.14%,76.10%,60.46%,1101,38.07%,10.93%,59.26%,33.24%,18.79%,67.55%,0.3797,2
6114,"$27,348",1289,653,251,50,1,0.3167,36.79%,29.80%,87.01%,47.82%,1213,7.16%,0.96%,55.72%,18.84%,6.98%,32.59%,0.2037,1
6115,"$42,390",1090,673,343,32,26,0.3441,30.35%,37.45%,85.74%,46.18%,891,41.82%,4.53%,68.93%,36.33%,8.09%,29.03%,0.3146,1
6116,"$54,443",225,340,344,24,12,0.443,33.49%,48.68%,21.01%,38.43%,395,63.04%,33.19%,59.00%,60.40%,62.03%,16.36%,0.49,3
6117,"$41,871",378,308,190,46,0,0.3792,89.94%,38.15%,26.82%,38.43%,452,41.07%,12.59%,5.79%,38.83%,57.83%,16.36%,0.2875,1
6118,"$32,164",315,430,302,58,9,0.4233,60.28%,35.01%,26.39%,38.43%,475,14.97%,23.38%,29.16%,31.02%,58.40%,16.36%,0.2888,1
6119,"$22,710",441,246,271,48,0,0.3853,85.92%,27.61%,10.13%,27.22%,480,2.77%,13.96%,8.41%,13.79%,69.56%,2.03%,0.1842,1
6120,"$30,323",277,329,221,45,25,0.4243,86.53%,38.83%,1.63%,28.23%,311,12.35%,24.22%,7.86%,40.48%,89.77%,2.89%,0.296,1
6121,"$29,272",222,202,347,123,0,0.483,92.52%,32.04%,4.65%,28.34%,338,11.23%,48.38%,4.25%,23.94%,78.37%,3.02%,0.282,1
6201,"$65,001",825,948,553,231,40,0.4239,39.76%,82.68%,80.84%,59.64%,959,76.25%,24.07%,50.46%,93.91%,13.36%,65.89%,0.5399,3
6202,"$49,763",588,351,336,50,99,0.4204,46.83%,55.60%,74.83%,59.94%,423,54.30%,22.33%,41.92%,70.36%,20.61%,66.26%,0.4596,2
6203,"$52,598",1443,1179,843,288,158,0.423,44.73%,72.69%,74.93%,60.70%,1330,60.41%,23.03%,44.07%,85.11%,20.51%,68.02%,0.5019,3
6204,"$52,673",1157,955,452,287,47,0.4007,7.37%,74.86%,84.75%,61.49%,1239,60.69%,17.47%,96.82%,86.81%,8.85%,70.62%,0.5688,3
6301,"$53,825",316,130,92,32,32,0.3787,42.03%,38.89%,62.91%,52.54%,273,61.97%,12.11%,47.19%,40.86%,31.46%,44.76%,0.3972,2
6302,"$49,236",539,218,213,46,27,0.3707,14.93%,45.89%,87.85%,55.62%,454,53.23%,11.14%,91.09%,55.01%,4.89%,54.02%,0.449,2
6303,"$39,303",1680,801,428,84,3,0.3282,30.08%,52.75%,87.52%,57.91%,1548,35.81%,2.28%,69.62%,66.43%,5.38%,61.82%,0.4022,2
6304,"$36,790",2126,1143,339,216,80,0.3429,31.66%,52.83%,92.46%,57.41%,1827,26.33%,4.32%,64.71%,66.85%,2.05%,60.26%,0.3742,2
6305,"$37,348",1775,1073,477,98,45,0.3442,30.94%,50.63%,84.38%,55.64%,1642,28.25%,4.91%,67.28%,63.64%,9.52%,54.40%,0.38,2
6308,"$43,343",2132,971,528,208,48,0.3463,19.90%,55.66%,87.02%,56.72%,1739,43.47%,5.31%,85.94%,70.76%,6.70%,57.80%,0.45,2
6309,"$39,641",1495,791,452,189,27,0.3605,31.97%,58.77%,89.07%,56.89%,1337,36.56%,9.55%,63.21%,74.68%,4.13%,58.50%,0.4111,2
6401,"$53,397",270,258,180,56,10,0.4134,28.35%,55.82%,64.20%,61.89%,242,61.76%,20.05%,71.45%,71.22%,30.49%,71.43%,0.544,3
6403,"$64,795",755,1536,1260,566,139,0.4965,45.11%,73.81%,29.96%,62.16%,1207,75.64%,53.41%,43.29%,85.78%,56.15%,72.73%,0.645,3
6404,"$62,288",396,907,891,119,97,0.485,56.80%,79.94%,29.01%,72.37%,547,72.47%,49.02%,31.83%,92.21%,56.93%,90.01%,0.6541,4
6405,"$76,760",281,848,741,252,100,0.5138,18.40%,79.06%,41.75%,73.16%,459,82.64%,58.15%,87.82%,91.49%,45.92%,90.79%,0.7614,4
6406,"$59,590",482,946,712,487,145,0.5183,42.86%,56.94%,40.82%,61.98%,650,69.80%,60.26%,46.37%,72.06%,46.93%,71.94%,0.6123,3
6407,"$61,880",482,552,541,333,28,0.4836,22.19%,80.44%,55.00%,66.32%,612,72.01%,48.67%,81.62%,92.51%,37.72%,80.00%,0.6875,4
6408,"$64,008",204,547,423,114,89,0.5037,41.57%,70.25%,66.07%,62.96%,431,74.66%,55.75%,47.91%,83.68%,28.58%,74.24%,0.608,3
6501,"$41,687",958,1130,576,147,34,0.401,33.33%,69.28%,74.59%,61.14%,1089,40.53%,17.72%,59.74%,83.09%,21.14%,69.85%,0.4868,3
6502,"$50,167",918,1927,1143,236,128,0.4497,37.67%,63.99%,56.25%,60.77%,1633,55.08%,36.35%,54.32%,79.25%,36.32%,68.40%,0.5495,3
6503.01,"$52,792",1198,741,1075,153,82,0.4264,38.08%,77.26%,75.73%,55.58%,1252,61.19%,26.00%,52.70%,90.38%,19.51%,53.92%,0.5062,3
6503.02,"$64,937",1074,794,490,43,94,0.3827,20.88%,78.50%,78.25%,50.77%,963,76.03%,13.76%,83.97%,91.02%,16.04%,39.63%,0.5341,3
6504,"$46,775",1584,1446,654,145,80,0.3795,25.35%,82.65%,78.59%,58.91%,1596,50.00%,12.96%,76.53%,93.69%,15.24%,64.07%,0.5208,3
6505,"$63,446",726,788,654,393,156,0.487,25.56%,79.23%,66.67%,62.06%,872,73.89%,50.39%,75.83%,91.74%,28.21%,72.45%,0.6542,4
6603.01,"$30,882",302,417,179,46,0,0.3934,63.01%,34.12%,40.67%,33.83%,437,13.36%,15.11%,27.42%,28.92%,47.21%,9.99%,0.2367,1
6603.02,"$39,852",1246,927,521,307,44,0.4014,32.50%,43.38%,72.56%,47.03%,1293,37.19%,18.09%,61.50%,51.11%,22.97%,30.65%,0.3692,2
6604,"$34,041",1551,1030,605,110,18,0.3594,29.94%,57.70%,80.51%,55.84%,1473,18.59%,9.02%,69.99%,72.98%,14.11%,55.11%,0.3997,2
6605,"$48,902",1588,912,552,110,40,0.3565,37.82%,53.12%,76.46%,50.77%,1381,52.75%,8.28%,53.51%,68.02%,18.23%,39.63%,0.4007,2
6606,"$37,400",947,1290,993,202,0,0.4262,55.67%,33.76%,29.29%,37.28%,1363,28.76%,25.57%,32.93%,28.12%,56.71%,14.59%,0.3111,1
6607,"$38,886",435,474,424,49,5,0.4147,47.60%,55.26%,1.36%,45.75%,447,34.22%,20.16%,40.52%,69.87%,91.06%,28.12%,0.4732,2
6608,"$38,123",1333,977,701,200,113,0.4064,57.59%,36.82%,31.01%,37.99%,1269,31.86%,19.42%,31.06%,34.72%,55.32%,15.57%,0.3132,1
6609,"$35,712",609,830,892,157,126,0.4746,73.95%,33.68%,9.44%,40.51%,916,22.76%,45.49%,19.97%,27.61%,70.25%,20.64%,0.3446,1
6610,"$46,404",523,1190,1122,504,108,0.512,75.13%,52.94%,4.98%,39.49%,1085,48.84%,57.38%,18.61%,67.18%,76.95%,18.86%,0.4797,3
6611,"$56,022",834,1165,1263,413,133,0.4869,33.05%,75.56%,40.02%,52.78%,1512,65.33%,50.19%,60.61%,87.85%,47.69%,45.81%,0.5958,3
6701,"$34,507",224,321,270,149,5,0.4741,98.48%,37.64%,3.29%,53.06%,340,19.71%,45.17%,1.59%,37.18%,81.87%,46.83%,0.3873,2
6702,"$24,902",256,241,317,6,0,0.4178,96.12%,33.82%,0.00%,47.34%,346,3.73%,21.27%,2.01%,28.26%,100.00%,30.99%,0.3104,1
6703,"$19,344",230,298,314,47,0,0.44,100.00%,39.77%,0.81%,32.85%,293,2.31%,32.39%,1.40%,43.03%,95.46%,8.32%,0.3049,1
6704,"$25,796",364,371,298,59,26,0.4233,32.67%,44.55%,7.22%,33.59%,408,5.20%,23.12%,61.09%,52.95%,71.96%,9.52%,0.3731,2
6705,"$28,526",276,231,195,31,0,0.3948,89.62%,49.27%,5.67%,35.51%,273,9.94%,15.17%,6.22%,61.05%,75.29%,12.23%,0.2998,1
6706,"$38,148",282,484,243,23,0,0.4014,84.07%,49.89%,1.57%,41.59%,340,31.94%,17.80%,10.05%,62.16%,90.01%,21.66%,0.3893,2
6707,"$32,125",220,299,265,9,19,0.4296,95.91%,41.49%,0.76%,41.59%,309,14.86%,27.64%,2.18%,46.70%,95.77%,21.66%,0.348,2
6708,"$27,812",144,363,396,84,0,0.4851,56.33%,41.59%,2.53%,31.65%,345,8.55%,49.37%,32.09%,47.26%,85.93%,6.67%,0.3831,2
6709,"$44,457",124,319,335,18,41,0.4884,24.05%,44.02%,0.40%,31.65%,246,45.60%,50.62%,77.88%,52.09%,96.96%,6.67%,0.5497,3
6711,"$18,095",122,213,214,24,0,0.4489,42.45%,39.26%,0.00%,33.18%,210,1.86%,35.59%,46.79%,41.95%,100.00%,9.01%,0.392,2
6712,"$28,575",167,170,260,63,5,0.4704,74.49%,34.15%,0.00%,36.79%,258,10.11%,43.69%,18.98%,28.98%,100.00%,13.87%,0.3594,2
6713,"$28,249",478,411,591,93,13,0.4426,91.43%,53.24%,1.05%,36.79%,551,9.60%,33.10%,4.72%,68.38%,93.68%,13.87%,0.3723,2
6714,"$40,053",233,460,356,71,25,0.4594,60.77%,56.53%,2.57%,36.79%,379,37.41%,40.32%,28.41%,71.80%,85.85%,13.87%,0.4628,2
6715,"$26,901",720,631,391,6,53,0.3825,95.02%,46.40%,3.56%,35.18%,630,6.60%,13.54%,2.51%,56.07%,81.03%,11.77%,0.2859,1
6716,"$33,811",316,623,410,50,33,0.4409,100.00%,37.27%,3.19%,36.86%,467,18.09%,32.54%,1.40%,36.03%,82.98%,13.98%,0.3084,1
6718,"$21,134",251,346,127,21,52,0.4186,59.34%,59.57%,2.73%,24.35%,255,2.66%,21.51%,29.31%,75.23%,85.09%,0.77%,0.3576,2
6719,"$43,979",234,269,346,27,0,0.4379,83.02%,63.61%,4.06%,37.83%,272,44.76%,31.53%,10.65%,78.74%,79.38%,15.14%,0.4337,2
6720,"$38,522",486,866,697,213,19,0.4609,69.33%,70.86%,1.00%,34.48%,675,32.84%,41.14%,22.43%,84.32%,94.79%,11.12%,0.4777,2
6805,"$45,130",191,311,349,68,0,0.464,90.73%,30.46%,4.98%,31.58%,266,46.74%,41.27%,4.90%,20.64%,77.19%,6.33%,0.3284,1
6806,"$13,472",145,426,194,52,22,0.4522,100.00%,28.83%,0.00%,56.91%,319,0.50%,36.90%,1.40%,16.36%,100.00%,58.67%,0.3564,2
6809,"$26,577",800,729,949,175,114,0.4608,84.77%,19.94%,1.26%,45.44%,975,6.38%,40.98%,9.79%,4.99%,92.08%,27.53%,0.3029,1
6810,"$26,047",695,510,434,82,38,0.4019,78.32%,28.98%,1.57%,39.55%,688,5.61%,18.25%,16.79%,16.58%,89.93%,19.15%,0.2772,1
6811,"$32,958",515,681,650,97,33,0.4433,88.06%,33.36%,0.48%,35.95%,704,16.53%,33.43%,7.37%,26.74%,96.90%,12.76%,0.3229,1
6812,"$16,839",383,344,484,56,56,0.4576,83.92%,21.70%,0.75%,37.49%,518,1.02%,39.44%,10.17%,5.95%,95.89%,14.85%,0.2789,1
6813,"$37,866",365,639,440,46,40,0.4375,81.82%,22.20%,2.82%,36.52%,564,29.56%,31.24%,12.59%,6.43%,85.04%,12.98%,0.2964,1
6814,"$36,111",453,707,658,22,36,0.4381,100.00%,48.56%,0.00%,24.18%,670,23.88%,31.68%,1.40%,60.25%,100.00%,0.71%,0.3632,2
6903,"$12,704",372,425,469,69,32,0.4484,96.00%,12.87%,3.13%,36.46%,415,0.42%,35.54%,2.11%,1.16%,83.29%,12.85%,0.2256,1
6904,"$41,514",361,608,881,299,60,0.5175,94.04%,29.60%,2.18%,43.05%,578,40.28%,60.12%,2.74%,18.28%,86.54%,24.92%,0.3881,2
6905,"$37,957",169,69,231,73,33,0.5068,100.00%,34.83%,5.52%,41.51%,127,30.10%,56.46%,1.40%,30.22%,75.32%,21.21%,0.3579,2
6909,"$35,956",432,352,1640,245,211,0.5619,89.02%,30.18%,1.74%,42.72%,810,23.47%,74.15%,6.71%,19.77%,89.15%,24.20%,0.3957,2
6910,"$44,566",134,541,735,350,107,0.5738,86.64%,44.76%,0.00%,39.38%,342,46.04%,75.84%,7.74%,53.33%,100.00%,18.61%,0.5026,3
6911,"$26,066",325,592,693,113,65,0.4883,89.31%,23.20%,2.05%,40.41%,592,5.75%,50.53%,6.40%,7.71%,87.82%,20.43%,0.2977,1
6912,"$37,983",275,390,505,201,160,0.5453,65.07%,28.73%,2.53%,37.93%,571,30.25%,68.49%,25.51%,15.84%,86.06%,15.27%,0.4024,2
6913,"$55,607",183,567,529,263,194,0.5675,53.49%,53.82%,2.59%,37.36%,333,64.73%,74.64%,34.99%,68.82%,85.61%,14.73%,0.5725,3
6914,"$63,437",399,673,747,381,139,0.5306,82.37%,48.07%,4.04%,41.97%,622,73.69%,62.90%,12.18%,59.71%,79.52%,23.02%,0.5184,3
6915,"$26,307",164,281,451,152,23,0.5232,85.77%,30.68%,1.77%,40.33%,353,5.83%,61.24%,8.49%,21.54%,88.67%,20.30%,0.3434,1
7001,"$61,974",435,696,566,139,97,0.4724,46.92%,77.67%,26.67%,42.03%,679,72.17%,44.54%,41.82%,90.54%,58.23%,23.18%,0.5508,3
7002,"$58,873",1215,1155,825,486,101,0.4468,31.72%,86.16%,64.89%,60.11%,1584,69.13%,34.90%,64.10%,95.81%,30.02%,67.05%,0.6017,3
7003.01,"$56,908",765,1073,1138,267,72,0.4678,11.84%,89.81%,55.16%,65.55%,1279,66.96%,42.76%,95.48%,98.35%,37.58%,79.15%,0.7005,4
7003.02,"$67,989",607,993,1231,389,198,0.5168,25.69%,87.64%,38.54%,59.02%,1035,78.16%,59.77%,75.63%,96.94%,48.97%,64.90%,0.7073,4
7004.01,"$63,762",499,1157,1226,498,99,0.5161,27.62%,81.77%,25.31%,50.03%,1291,74.56%,59.17%,72.65%,93.23%,59.42%,37.04%,0.6601,4
7004.02,"$71,874",225,742,1140,254,184,0.5552,29.03%,88.77%,15.03%,52.48%,882,80.66%,71.64%,70.95%,97.74%,66.10%,44.69%,0.7196,4
7005.01,"$82,989",647,1413,1756,715,513,0.5617,53.87%,84.30%,3.46%,50.39%,1133,86.03%,73.96%,34.48%,95.09%,81.43%,37.70%,0.6811,4
7005.02,"$87,971",214,452,904,459,185,0.5954,23.38%,88.23%,4.85%,50.83%,484,89.52%,79.99%,78.55%,97.36%,77.55%,39.95%,0.7715,4
7101,"$16,072",196,269,324,26,0,0.4442,96.15%,17.77%,6.52%,31.01%,229,0.87%,33.93%,1.93%,3.23%,73.76%,5.64%,0.1989,1
7102,"$18,015",456,1052,1092,254,15,0.4829,92.68%,28.36%,1.56%,29.55%,1000,1.81%,48.30%,4.17%,14.77%,90.24%,3.72%,0.2717,1
7103,"$51,543",181,186,319,55,3,0.4691,69.89%,33.86%,3.70%,33.50%,241,58.16%,43.15%,22.23%,28.49%,80.83%,9.24%,0.4035,2
7104,"$50,098",645,1299,1285,345,111,0.4903,74.16%,61.15%,3.01%,31.21%,962,54.52%,51.22%,19.31%,76.78%,84.41%,6.27%,0.4875,3
7105,"$34,200",499,805,956,306,69,0.4969,82.05%,37.19%,1.37%,42.58%,753,19.06%,53.59%,12.46%,35.78%,90.95%,24.01%,0.3931,2
7106,"$24,428",209,412,404,89,51,0.4903,100.00%,34.80%,1.76%,39.77%,386,3.45%,51.31%,1.40%,30.19%,88.75%,19.24%,0.3239,1
7107,"$36,808",436,781,884,131,93,0.4851,81.29%,35.66%,2.07%,41.75%,621,26.48%,49.29%,13.27%,32.26%,87.68%,22.15%,0.3852,2
7108,"$45,403",853,1039,1043,404,108,0.4767,90.12%,38.09%,1.76%,32.12%,903,47.27%,46.07%,5.69%,38.73%,88.96%,7.03%,0.3896,2
7109,"$39,433",244,392,546,123,60,0.5067,58.63%,49.09%,1.02%,29.98%,512,35.92%,56.43%,30.08%,60.85%,93.91%,4.20%,0.469,2
7110,"$37,099",433,911,633,54,80,0.4519,77.42%,49.28%,3.79%,31.83%,672,27.30%,36.83%,17.47%,61.21%,80.47%,6.82%,0.3835,2
7111,"$47,423",401,675,650,138,47,0.4697,69.23%,54.79%,0.77%,45.83%,410,50.71%,43.39%,22.52%,69.35%,95.70%,28.21%,0.5165,3
7112,"$58,946",434,1208,1175,456,276,0.5398,55.79%,66.02%,6.60%,39.95%,781,69.31%,66.67%,32.61%,81.46%,73.42%,19.99%,0.5724,3
7113,"$42,755",250,283,446,107,7,0.4789,87.88%,59.93%,4.92%,38.99%,278,42.00%,47.36%,7.43%,75.62%,77.44%,17.51%,0.4456,2
7114,"$43,691",226,586,650,113,52,0.4991,63.16%,62.85%,1.66%,34.73%,442,44.16%,54.36%,27.31%,77.88%,89.46%,11.22%,0.5073,3
7115,"$58,664",335,429,561,229,38,0.5003,66.24%,75.43%,0.69%,27.90%,427,68.70%,54.54%,24.34%,87.39%,96.03%,2.60%,0.556,3
7201,"$130,699",28,293,373,759,783,0.7767,2.67%,93.34%,6.78%,61.95%,632,95.80%,96.61%,98.66%,99.76%,72.69%,71.57%,0.8918,4
7202,"$84,089",168,428,827,692,542,0.6762,26.72%,75.62%,6.76%,66.47%,693,86.86%,89.92%,73.82%,88.00%,72.85%,80.39%,0.8198,4
7203,"$114,471",91,238,691,805,657,0.7369,12.38%,93.52%,9.78%,72.13%,664,94.55%,93.66%,94.37%,100.00%,69.86%,89.89%,0.9039,4
7204,"$104,466",25,157,533,311,184,0.678,18.22%,93.48%,3.01%,74.90%,401,92.98%,90.16%,88.14%,99.85%,84.19%,92.52%,0.9131,4
7205,"$114,413",35,207,366,423,352,0.7229,21.72%,88.30%,2.09%,75.82%,451,94.40%,93.04%,82.50%,97.46%,87.28%,93.38%,0.9135,4
7206,"$111,526",47,117,211,458,347,0.7595,0.00%,88.21%,2.67%,74.90%,351,94.10%,95.27%,100.00%,97.25%,85.39%,92.52%,0.9409,4
7207,"$77,741",160,324,666,565,413,0.6702,31.25%,50.33%,5.47%,55.11%,468,83.53%,89.74%,65.76%,63.00%,75.43%,51.84%,0.7155,4
7301,"$42,112",134,527,625,171,184,0.5688,42.59%,83.54%,4.09%,63.72%,387,41.25%,74.73%,46.68%,94.00%,79.32%,76.39%,0.6873,4
7302.01,"$41,128",666,1169,1467,394,240,0.5173,80.25%,42.18%,2.11%,50.20%,885,39.49%,59.98%,14.80%,48.32%,87.12%,37.39%,0.4785,2
7302.02,"$47,125",406,902,609,76,164,0.4785,47.76%,76.50%,3.00%,39.08%,480,50.48%,47.30%,40.30%,89.32%,84.52%,18.11%,0.55,3
7303,"$43,733",164,138,419,34,4,0.4883,65.12%,68.70%,2.99%,48.89%,172,44.35%,50.57%,25.38%,82.84%,84.56%,34.95%,0.5377,3
7304,"$65,337",366,779,819,313,194,0.5344,56.03%,79.25%,2.98%,56.61%,536,76.91%,64.68%,32.44%,91.86%,84.78%,57.09%,0.6796,4
7305,"$50,650",376,919,1100,244,252,0.5361,57.58%,79.79%,1.26%,51.51%,707,56.28%,65.31%,31.23%,92.08%,91.86%,42.29%,0.6317,3
7306,"$58,600",282,996,717,141,241,0.5212,27.14%,73.20%,3.02%,56.02%,624,68.39%,60.74%,73.46%,85.38%,83.99%,55.82%,0.713,4
7307,"$42,251",181,680,472,148,57,0.4986,66.67%,75.55%,0.93%,49.53%,460,41.61%,54.20%,24.09%,87.50%,95.19%,36.28%,0.5648,3
7401,"$97,419",159,609,649,520,194,0.5982,19.19%,86.17%,4.84%,82.23%,559,91.69%,80.42%,86.68%,95.94%,77.68%,97.01%,0.8824,4
7402,"$96,643",149,1308,1235,685,634,0.6173,12.50%,90.84%,3.37%,83.74%,1096,91.51%,83.62%,94.21%,98.80%,81.68%,97.67%,0.9125,4
7403,"$93,065",125,826,1035,653,377,0.6219,4.08%,91.70%,4.68%,83.74%,775,90.85%,84.17%,98.39%,99.13%,78.30%,97.67%,0.9142,4
7404,"$91,367",146,1165,1108,385,405,0.5837,25.69%,71.79%,5.68%,74.50%,811,90.30%,77.91%,75.39%,84.64%,75.05%,91.79%,0.8251,4
7501,"$48,624",232,930,1088,418,116,0.5466,68.79%,66.96%,1.01%,43.92%,687,52.43%,68.79%,22.68%,82.38%,94.31%,25.57%,0.5769,3
7502,"$109,490",78,322,674,493,601,0.7123,29.14%,76.81%,7.15%,57.21%,517,93.84%,92.53%,70.75%,89.61%,72.34%,58.78%,0.7964,4
7503,"$93,455",88,271,505,541,321,0.6853,31.73%,77.83%,5.43%,65.38%,486,90.96%,90.78%,63.73%,90.65%,75.75%,78.67%,0.8176,4
7504,"$101,325",143,302,701,585,257,0.6514,29.57%,86.68%,6.58%,65.38%,478,92.17%,88.03%,70.27%,96.50%,73.53%,78.67%,0.8319,4
7505,"$63,565",552,912,1584,532,502,0.5765,53.25%,62.21%,4.82%,53.16%,1026,74.20%,76.54%,35.33%,77.59%,77.91%,47.07%,0.6477,4
7506,"$69,535",340,819,659,310,195,0.5312,32.40%,71.30%,1.99%,45.33%,589,79.73%,63.46%,61.99%,84.46%,87.95%,26.91%,0.6742,4
7608.01,"$54,969",222,764,755,1083,255,0.625,11.92%,26.83%,72.08%,74.78%,362,63.86%,85.18%,95.06%,12.84%,24.06%,92.19%,0.622,3
7608.02,"$67,484",218,479,431,300,134,0.5556,0.00%,81.20%,32.39%,75.10%,177,77.92%,71.85%,100.00%,92.69%,53.27%,92.62%,0.8139,4
7608.03,"$50,354",565,1680,1159,717,544,0.5569,15.30%,46.14%,74.26%,74.78%,918,55.81%,72.39%,90.61%,55.55%,21.86%,92.19%,0.6473,4
7709.02,"$80,811",453,1203,746,361,96,0.4912,55.12%,69.28%,39.88%,74.78%,434,85.01%,51.69%,33.72%,83.19%,47.98%,92.19%,0.6563,4
8104,"$78,669",266,943,882,761,849,0.6532,13.33%,89.43%,40.96%,89.81%,919,84.01%,88.85%,92.87%,98.06%,46.78%,99.61%,0.8503,4
8214.02,"$69,142",215,848,856,222,174,0.5388,48.83%,65.29%,3.50%,52.30%,627,79.15%,66.40%,40.07%,80.38%,81.17%,44.39%,0.6526,4
8233.04,"$54,750",728,1626,1194,411,150,0.4846,31.42%,64.30%,23.92%,74.50%,967,63.60%,48.89%,65.60%,79.55%,60.46%,91.79%,0.6831,4
8305,"$50,551",1227,570,359,186,9,0.3601,26.05%,58.58%,91.06%,53.51%,945,56.03%,9.24%,74.82%,74.12%,2.47%,48.32%,0.4417,2
8306,"$46,480",781,498,891,819,511,0.5875,37.91%,35.19%,51.82%,51.46%,927,49.06%,78.71%,53.18%,31.33%,39.55%,41.76%,0.4893,3
8307,"$58,036",361,586,730,1172,442,0.6455,53.41%,38.23%,31.57%,70.93%,434,67.90%,87.51%,35.09%,38.93%,54.08%,87.69%,0.6187,3
8308,"$84,510",45,129,394,701,514,0.7694,9.61%,18.62%,18.51%,54.56%,176,87.49%,95.71%,96.12%,3.77%,63.27%,50.92%,0.6621,4
8309,"$69,918",238,357,326,733,453,0.6765,11.93%,47.84%,33.22%,63.21%,340,79.99%,90.00%,94.98%,58.44%,52.65%,75.06%,0.7519,4
8310,"$144,863",46,79,161,954,573,0.8128,7.98%,57.77%,10.98%,59.92%,200,97.46%,98.06%,96.49%,73.02%,68.91%,66.16%,0.8335,4
8311,"$66,018",1359,1481,1078,846,304,0.4917,28.39%,39.18%,67.18%,51.48%,1293,77.41%,52.13%,71.40%,41.91%,27.35%,42.12%,0.5205,3
8312,"$36,500",1218,929,501,51,45,0.365,39.31%,37.02%,81.11%,41.63%,1040,24.64%,10.11%,51.07%,35.28%,12.90%,21.90%,0.2598,1
8313,"$29,046",300,301,176,20,0,0.3789,68.57%,49.47%,47.91%,31.20%,278,11.16%,12.49%,22.95%,61.41%,41.53%,6.05%,0.2593,1
8314,"$25,790",579,533,565,175,119,0.4703,74.30%,36.17%,19.37%,71.79%,478,5.11%,43.63%,19.09%,33.35%,62.64%,88.83%,0.4211,2
8315,"$71,341",835,646,822,284,57,0.4549,29.69%,69.87%,77.87%,54.01%,754,80.46%,37.71%,70.16%,83.50%,16.64%,49.28%,0.5629,3
8316,"$56,876",1383,1387,1145,477,173,0.4541,36.94%,49.62%,70.21%,55.79%,1366,66.67%,37.54%,55.12%,62.01%,25.77%,54.78%,0.5031,3
8317,"$63,518",283,441,421,210,40,0.4972,46.45%,54.44%,68.76%,67.32%,331,73.97%,53.66%,42.26%,69.22%,26.23%,81.93%,0.5788,3
8318,"$68,372",758,578,870,979,801,0.6244,27.85%,42.95%,53.11%,65.98%,933,78.50%,84.82%,72.15%,50.40%,38.92%,79.47%,0.6738,4
8319,"$120,072",34,45,106,1271,668,0.8348,0.00%,42.07%,12.63%,74.14%,184,95.16%,99.05%,100.00%,47.79%,67.63%,91.39%,0.835,4
8320,"$117,036",22,200,208,707,437,0.7699,0.00%,42.59%,16.87%,78.97%,76,94.84%,96.01%,100.00%,49.43%,64.71%,95.32%,0.8339,4
8321,"$102,957",184,322,475,969,636,0.72,27.27%,32.64%,28.52%,60.65%,205,92.43%,92.88%,73.25%,25.10%,56.99%,67.71%,0.6806,4
8322,"$125,024",93,235,315,1060,533,0.7525,3.57%,34.36%,25.72%,58.67%,262,95.49%,94.38%,98.48%,29.23%,59.09%,62.93%,0.7327,4
8323,"$135,993",21,121,176,708,276,0.7685,4.66%,41.61%,23.51%,59.86%,161,96.15%,95.64%,98.16%,47.30%,60.89%,66.11%,0.7738,4
8324,"$52,172",197,676,191,680,402,0.6386,20.78%,53.00%,46.85%,54.59%,407,59.61%,86.72%,84.34%,67.43%,42.49%,51.04%,0.6527,4
8325,"$121,540",228,159,391,711,839,0.7524,43.72%,48.80%,16.85%,71.07%,360,95.35%,94.32%,44.75%,60.49%,64.79%,88.61%,0.7472,4
8326,"$187,223",44,80,289,1315,1179,0.8411,22.26%,52.51%,12.21%,71.07%,372,99.01%,99.39%,81.48%,66.07%,68.12%,88.61%,0.8378,4
8329,"$155,282",0,151,307,383,717,0.8139,37.85%,27.54%,21.99%,32.71%,91,97.95%,98.08%,53.20%,13.63%,61.37%,8.22%,0.5541,3
8330,"$217,564",268,164,356,1043,628,0.7301,0.00%,60.57%,13.89%,70.45%,112,99.64%,93.23%,100.00%,75.86%,66.89%,86.54%,0.8703,4
8331,"$169,043",317,420,791,2439,1873,0.7757,21.22%,63.77%,17.99%,66.99%,441,98.59%,96.46%,83.40%,78.84%,63.65%,81.15%,0.8368,4
8333,"$76,525",267,206,276,326,573,0.6888,1.30%,37.65%,37.36%,32.82%,130,82.53%,90.92%,99.06%,37.21%,49.53%,8.25%,0.6125,3
8339,"$26,426",585,425,383,106,66,0.4266,65.53%,30.14%,57.87%,38.28%,672,5.99%,26.24%,25.04%,19.38%,35.14%,15.83%,0.2127,1
8340,"$41,175",323,784,749,163,95,0.4981,63.25%,18.61%,1.73%,42.33%,720,39.65%,53.96%,27.07%,3.73%,89.31%,23.66%,0.3956,2
8342,"$46,511",471,1016,1205,614,181,0.5437,78.31%,35.57%,1.52%,33.15%,861,49.25%,67.72%,16.99%,32.08%,90.59%,8.96%,0.4427,2
8343,"$56,178",574,912,1620,995,393,0.5876,71.32%,73.97%,3.08%,33.11%,967,65.82%,78.93%,21.76%,86.25%,83.63%,8.77%,0.5753,3
8344,"$90,515",314,405,975,588,339,0.6178,76.81%,41.29%,5.67%,27.06%,782,90.12%,83.80%,17.89%,46.43%,75.23%,1.81%,0.5255,3
8345,"$24,624",297,322,174,63,44,0.43,93.64%,28.57%,3.87%,29.71%,387,3.58%,27.73%,3.46%,15.01%,80.18%,3.93%,0.2232,1
8346,"$26,488",488,845,672,134,61,0.4577,88.22%,37.16%,1.13%,48.45%,746,6.16%,39.83%,7.21%,35.61%,92.76%,34.00%,0.3593,2
8347,"$38,530",424,447,321,40,2,0.3972,79.05%,30.95%,0.98%,27.06%,419,33.06%,16.20%,15.76%,21.70%,94.89%,1.53%,0.3052,1
8348,"$31,976",390,490,394,27,23,0.4192,86.67%,30.36%,0.77%,56.91%,383,14.79%,21.77%,7.66%,20.30%,95.60%,58.67%,0.3646,2
8349,"$17,624",487,266,501,44,0,0.4157,90.15%,27.15%,1.03%,30.38%,482,1.47%,20.27%,5.48%,13.14%,93.79%,4.54%,0.2312,1
8350,"$36,726",1023,1243,826,227,90,0.4309,62.14%,38.88%,24.47%,39.78%,1369,25.69%,28.42%,27.90%,40.80%,60.09%,19.56%,0.3374,1
8351,"$39,635",1489,712,444,216,1,0.3574,40.05%,55.67%,74.80%,51.18%,1223,36.26%,8.69%,49.57%,71.04%,20.89%,40.64%,0.3785,2
8352,"$60,002",408,450,259,126,59,0.443,7.06%,63.28%,60.44%,72.98%,331,69.90%,33.27%,96.97%,78.26%,32.91%,90.57%,0.6698,4
8355,"$18,385",450,410,328,64,34,0.4168,78.77%,30.78%,8.96%,43.26%,278,2.13%,20.83%,16.18%,21.60%,70.99%,24.98%,0.2612,1
8356,"$45,729",259,166,216,71,38,0.4568,80.83%,32.58%,0.78%,46.74%,244,47.60%,38.82%,13.86%,25.05%,95.52%,30.35%,0.4187,2
8358,"$52,782",94,199,248,176,251,0.6601,58.67%,36.20%,0.65%,43.29%,249,60.75%,89.17%,29.88%,33.59%,96.34%,25.05%,0.558,3
8359,"$34,970",542,461,592,315,134,0.5059,87.84%,23.24%,6.82%,38.74%,590,20.91%,56.11%,7.57%,8.02%,72.48%,17.19%,0.3038,1
8360,"$55,221",122,284,451,277,204,0.6235,57.54%,47.34%,2.71%,30.65%,393,64.07%,84.42%,31.32%,58.02%,85.18%,4.97%,0.5466,3
8361,"$30,910",221,372,347,86,41,0.4789,98.54%,26.93%,3.76%,33.42%,461,13.53%,47.46%,1.51%,12.95%,80.57%,9.12%,0.2752,1
8362,"$204,905",13,3,33,93,125,0.8352,0.00%,55.88%,28.12%,60.83%,25,99.42%,99.12%,100.00%,71.23%,57.18%,68.63%,0.826,4
8363,"$60,899",151,147,301,204,256,0.6504,47.37%,40.00%,4.53%,34.00%,141,70.32%,87.90%,41.13%,43.96%,78.50%,10.02%,0.553,3
8364,"$33,234",326,316,613,376,354,0.6117,55.53%,32.14%,8.16%,29.33%,636,16.80%,83.14%,33.15%,24.08%,71.34%,3.36%,0.3864,2
8365,"$40,468",171,241,348,109,16,0.5001,67.06%,13.75%,4.73%,28.53%,352,38.69%,54.44%,23.50%,2.26%,78.12%,3.10%,0.3335,1
8366,"$29,357",640,520,516,149,50,0.4346,63.23%,34.27%,40.29%,57.89%,578,11.37%,29.94%,27.21%,29.16%,47.34%,61.46%,0.3441,1
8367,"$28,602",371,627,283,112,49,0.4393,92.97%,29.82%,17.54%,57.63%,583,10.25%,32.12%,3.77%,18.97%,64.08%,60.51%,0.3162,1
8368,"$28,461",248,608,367,117,47,0.4712,96.46%,17.89%,1.40%,47.83%,472,9.76%,43.95%,1.88%,3.34%,90.78%,32.82%,0.3042,1
8369,"$37,455",157,247,201,45,120,0.5283,77.27%,28.08%,3.97%,53.47%,309,28.83%,62.23%,17.54%,14.00%,79.86%,48.04%,0.4175,2
8370,"$17,950",278,458,443,105,48,0.4779,82.12%,24.97%,3.94%,61.51%,465,1.58%,46.95%,12.29%,9.80%,79.96%,70.72%,0.3688,2
8371,"$25,027",367,241,401,144,84,0.4928,72.60%,32.98%,8.18%,58.62%,324,3.89%,52.77%,21.11%,25.58%,71.19%,62.77%,0.3955,2
8373,"$39,839",478,409,368,162,35,0.4439,82.67%,37.00%,5.99%,61.08%,468,36.90%,33.69%,11.55%,34.92%,74.39%,69.12%,0.4343,2
8374,"$28,978",311,421,379,160,13,0.4665,73.51%,28.31%,5.77%,60.52%,458,10.77%,42.32%,20.38%,14.36%,74.76%,67.65%,0.3837,2
8378,"$33,347",295,468,558,196,88,0.5145,77.24%,23.86%,9.26%,52.68%,444,17.33%,58.61%,17.64%,8.52%,70.59%,45.01%,0.3628,2
8380,"$31,600",589,214,424,501,123,0.5303,75.33%,28.38%,12.89%,50.80%,388,13.76%,62.76%,18.26%,14.86%,67.50%,39.72%,0.3614,2
8381,"$84,808",322,255,221,322,296,0.6021,24.69%,19.06%,23.77%,42.84%,96,87.51%,80.95%,77.22%,4.30%,60.54%,24.36%,0.5581,3
8382,"$122,915",135,35,83,184,258,0.7137,38.20%,33.51%,34.19%,52.62%,100,95.38%,92.56%,52.37%,27.27%,51.11%,44.78%,0.6058,3
8383,"$44,891",177,424,144,227,160,0.5592,89.31%,13.57%,32.46%,18.16%,176,46.34%,73.23%,6.26%,2.10%,53.18%,0.04%,0.3019,1
8386,"$32,296",230,187,366,85,26,0.4859,58.65%,13.65%,3.06%,41.29%,331,15.05%,49.45%,29.96%,2.18%,83.70%,20.86%,0.3353,1
8387,"$28,912",881,999,556,127,52,0.4065,82.43%,21.85%,1.30%,27.79%,1175,10.67%,19.69%,12.04%,6.22%,91.44%,2.50%,0.2376,1
8388,"$39,090",588,732,474,36,10,0.3987,64.58%,38.43%,37.40%,38.49%,757,34.88%,16.37%,25.69%,39.46%,49.50%,16.53%,0.304,1
8390,"$140,452",159,401,518,2610,2022,0.8079,25.39%,48.50%,20.74%,73.87%,289,96.95%,97.79%,76.02%,60.10%,62.14%,91.22%,0.807,4
8391,"$188,813",381,316,643,1235,858,0.7091,44.68%,38.40%,23.85%,73.87%,68,99.02%,92.25%,44.09%,39.22%,60.52%,91.22%,0.7105,4
8392,"$58,163",275,257,681,491,324,0.6327,72.44%,42.27%,14.75%,44.67%,225,67.95%,85.83%,21.16%,48.94%,66.27%,26.26%,0.5273,3
8395,"$131,821",236,229,359,233,261,0.6082,65.66%,36.93%,3.90%,58.16%,118,95.95%,82.24%,24.89%,34.80%,79.99%,62.26%,0.6335,3
8396,"$43,620",393,295,355,271,225,0.5532,80.46%,37.64%,7.49%,44.52%,253,44.02%,70.83%,14.60%,37.10%,71.75%,25.90%,0.4403,2
8397,"$54,735",529,883,557,558,292,0.5433,44.57%,38.99%,51.30%,45.88%,651,63.27%,67.53%,44.24%,41.17%,39.83%,28.49%,0.4742,2
8398,"$54,522",353,700,385,266,313,0.549,11.86%,35.93%,54.14%,75.61%,348,63.12%,69.54%,95.18%,32.56%,38.25%,93.28%,0.6532,4
8399,"$77,320",465,934,814,450,253,0.5377,36.43%,50.37%,31.49%,57.30%,571,82.89%,65.68%,56.17%,63.13%,54.44%,59.69%,0.6367,3
8400,"$81,135",415,543,441,337,425,0.5828,2.05%,58.83%,44.64%,71.80%,470,85.12%,77.45%,98.77%,74.79%,43.54%,88.94%,0.781,4
8401,"$33,384",673,639,293,194,171,0.4529,31.70%,37.28%,64.73%,77.87%,422,17.43%,37.07%,64.19%,36.13%,30.12%,94.89%,0.4664,2
8402,"$54,038",351,459,331,159,160,0.5066,35.75%,52.86%,67.78%,61.58%,341,62.27%,56.31%,56.56%,66.93%,26.72%,71.22%,0.5667,3
8403,"$49,342",1253,1093,259,181,71,0.3707,16.31%,59.45%,71.65%,47.16%,833,53.63%,11.34%,89.88%,75.17%,24.25%,30.91%,0.4753,2
8404,"$44,961",731,905,321,360,88,0.4477,25.43%,55.78%,72.31%,54.70%,553,46.57%,35.40%,75.96%,71.17%,23.10%,51.34%,0.5059,3
8407,"$30,574",1205,394,290,151,173,0.3915,45.00%,24.98%,87.14%,34.29%,956,13.01%,14.72%,43.51%,10.02%,6.30%,10.72%,0.1638,1
8408,"$32,803",990,544,179,68,40,0.339,37.57%,36.00%,91.81%,59.96%,884,15.92%,3.28%,54.53%,32.87%,2.25%,66.46%,0.2922,1
8410,"$37,957",140,101,53,183,84,0.5893,76.92%,46.81%,9.73%,42.36%,63,30.11%,78.95%,17.71%,57.51%,69.91%,23.67%,0.4631,2
8411,"$38,456",2018,1660,512,964,371,0.4556,16.12%,40.75%,84.49%,78.99%,922,32.69%,38.00%,90.09%,45.34%,9.14%,95.54%,0.518,3
8412,"$35,723",1322,843,606,321,159,0.4248,46.16%,28.61%,79.45%,54.42%,1175,23.03%,24.72%,42.53%,15.43%,14.56%,50.57%,0.2847,1
8413,"$37,357",1283,708,477,307,111,0.4098,43.70%,31.81%,74.42%,52.22%,875,28.45%,19.94%,44.95%,23.40%,21.34%,44.17%,0.3037,1
8414,"$15,466",135,464,231,42,22,0.455,86.00%,27.24%,2.16%,35.80%,349,0.82%,37.79%,8.30%,13.53%,86.62%,12.59%,0.2661,1
8415,"$34,777",408,514,452,83,13,0.4339,93.68%,19.87%,0.00%,20.86%,815,20.27%,29.81%,3.26%,4.77%,100.00%,0.34%,0.2641,1
8416,"$26,009",114,221,216,68,27,0.4988,98.31%,22.76%,0.00%,28.31%,244,5.34%,54.26%,1.64%,6.92%,100.00%,2.95%,0.2852,1
8417,"$47,244",401,227,202,89,36,0.4182,59.09%,15.65%,44.20%,30.08%,246,50.54%,21.45%,29.37%,2.94%,44.11%,4.26%,0.2545,1
8418,"$30,442",224,331,584,202,71,0.5384,89.91%,44.44%,0.60%,28.13%,503,12.61%,66.25%,5.91%,52.76%,96.46%,2.82%,0.3947,2
8419,"$158,260",103,261,518,1072,882,0.7671,14.73%,69.88%,23.74%,37.31%,249,98.12%,95.60%,91.20%,83.55%,60.61%,14.65%,0.7396,4
8420,"$103,513",336,269,267,306,320,0.6007,26.42%,70.13%,25.48%,57.43%,107,92.45%,80.87%,74.36%,83.58%,59.12%,60.28%,0.7511,4
8421,"$27,479",1070,1440,1133,216,31,0.4302,58.53%,48.00%,33.94%,39.03%,1267,7.59%,28.11%,30.37%,59.31%,51.40%,17.95%,0.3245,1
8422,"$23,613",216,241,471,552,280,0.6499,76.32%,46.60%,10.36%,20.82%,257,2.92%,87.87%,17.95%,56.68%,69.45%,0.15%,0.3917,2
8423,"$139,716",172,306,449,1005,805,0.7436,22.68%,51.34%,14.79%,64.04%,214,96.29%,93.86%,80.21%,64.30%,66.22%,76.59%,0.7958,4
8424,"$37,931",359,609,651,228,202,0.5322,92.17%,60.60%,0.39%,34.19%,461,29.67%,63.85%,4.51%,75.96%,97.07%,10.17%,0.4687,2
8425,"$10,768",307,247,374,65,8,0.4442,100.00%,10.90%,3.21%,30.72%,825,0.25%,33.88%,1.40%,0.71%,82.70%,5.28%,0.207,1
8426,"$46,886",629,795,852,333,227,0.5107,22.62%,55.23%,27.79%,45.41%,878,50.20%,57.13%,80.55%,69.77%,57.38%,27.19%,0.5704,3
8428,"$35,662",2147,1245,470,248,58,0.3517,32.35%,39.82%,87.44%,57.74%,1891,22.55%,6.37%,62.43%,43.50%,5.81%,61.33%,0.3366,1
8429,"$24,995",675,347,367,159,105,0.4393,100.00%,19.00%,11.27%,33.69%,400,3.82%,32.21%,1.40%,4.27%,68.65%,9.62%,0.2,1
8430,"$29,633",404,347,445,57,71,0.4556,72.41%,17.32%,0.00%,38.38%,465,11.67%,38.11%,21.26%,3.17%,100.00%,15.94%,0.3169,1
8431,"$36,515",269,404,286,77,51,0.4596,63.33%,25.00%,4.02%,22.15%,345,24.72%,40.40%,26.77%,10.14%,79.60%,0.56%,0.3036,1
8432,"$46,742",646,415,366,135,72,0.4252,43.15%,31.25%,82.71%,48.90%,553,49.64%,24.90%,45.73%,22.12%,10.91%,35.08%,0.314,1
8433,"$27,275",206,328,97,70,40,0.4408,80.77%,25.00%,44.62%,34.86%,202,6.88%,32.44%,14.14%,10.14%,43.59%,11.36%,0.1976,1
8434,"$28,315",253,276,151,96,11,0.4313,64.06%,37.71%,11.24%,47.52%,204,9.65%,28.47%,26.48%,37.45%,68.76%,31.33%,0.3369,1
8435,"$26,838",3405,2754,1615,68,39,0.361,33.33%,40.27%,21.40%,60.06%,345,6.46%,9.87%,59.74%,44.32%,61.73%,66.54%,0.4144,2
8436,"$28,500",394,402,554,223,184,0.5318,77.59%,28.63%,3.27%,30.92%,521,9.88%,63.63%,17.31%,15.60%,82.26%,5.58%,0.3238,1
8437,"$92,040",113,228,229,624,274,0.6978,26.32%,50.49%,22.25%,75.47%,332,90.53%,91.60%,74.44%,63.21%,61.35%,93.11%,0.7904,4
8438,"$46,627",285,383,476,158,21,0.4862,52.36%,46.69%,12.34%,27.17%,448,49.51%,49.55%,36.49%,57.47%,67.78%,1.92%,0.4378,2
8439,"$69,425",422,383,904,489,559,0.6276,75.00%,35.74%,7.60%,32.19%,427,79.59%,85.44%,18.71%,32.36%,71.69%,7.13%,0.4915,3
